w,o,w, ,l,o,v,e, ,p,l,a,c,e
c,r,u,s,t, ,g,o,o,d
t,a,s,t,i, ,t,e,x,t,u,r, ,n,a,s,t,i
s,t,o,p, ,l,a,t,e, ,m,a,y, ,b,a,n,k, ,h,o,l,i,d,a,y, ,r,i,c,k, ,s,t,e,v,e, ,r,e,c,o,m,m,e,n,d, ,l,o,v,e
s,e,l,e,c,t, ,m,e,n,u, ,g,r,e,a,t, ,p,r,i,c,e
g,e,t, ,a,n,g,r,i, ,w,a,n,t, ,d,a,m,n, ,p,h,o
h,o,n,e,s,l,t,i, ,t,a,s,t, ,f,r,e,s,h
p,o,t,a,t,o, ,l,i,k,e, ,r,u,b,b,e,r, ,c,o,u,l,d, ,t,e,l,l, ,m,a,d,e, ,a,h,e,a,d, ,t,i,m,e, ,k,e,p,t, ,w,a,r,m,e,r
f,r,i, ,g,r,e,a,t
g,r,e,a,t, ,t,o,u,c,h
s,e,r,v,i,c, ,p,r,o,m,p,t
w,o,u,l,d, ,g,o, ,b,a,c,k
c,a,s,h,i,e,r, ,c,a,r,e, ,e,v,e,r, ,s,a,y, ,s,t,i,l,l, ,e,n,d, ,w,a,y,y,y, ,o,v,e,r,p,r
t,r,i, ,c,a,p,e, ,c,o,d, ,r,a,v,o,l,i, ,c,h,i,c,k,e,n, ,c,r,a,n,b,e,r,r,i, ,m,m,m,m
d,i,s,g,u,s,t, ,p,r,e,t,t,i, ,s,u,r,e, ,h,u,m,a,n, ,h,a,i,r
s,h,o,c,k, ,s,i,g,n, ,i,n,d,i,c, ,c,a,s,h
h,i,g,h,l,i, ,r,e,c,o,m,m,e,n,d
w,a,i,t,r,e,s,s, ,l,i,t,t,l, ,s,l,o,w, ,s,e,r,v,i,c
p,l,a,c,e, ,w,o,r,t,h, ,t,i,m,e, ,l,e,t, ,a,l,o,n, ,v,e,g,a
l,i,k,e
b,u,r,r,i,t,t,o, ,b,l,a,h
f,o,o,d, ,a,m,a,z
s,e,r,v,i,c, ,a,l,s,o, ,c,u,t,e
c,o,u,l,d, ,c,a,r,e, ,l,e,s,s, ,i,n,t,e,r,i,o,r, ,b,e,a,u,t,i
p,e,r,f,o,r,m
r,i,g,h,t, ,r,e,d, ,v,e,l,v,e,t, ,c,a,k,e, ,o,h,h,h, ,s,t,u,f,f, ,g,o,o,d
n,e,v,e,r, ,b,r,o,u,g,h,t, ,s,a,l,a,d, ,a,s,k
h,o,l,e, ,w,a,l,l, ,g,r,e,a,t, ,m,e,x,i,c,a,n, ,s,t,r,e,e,t, ,t,a,c,o, ,f,r,i,e,n,d,l,i, ,s,t,a,f,f
t,o,o,k, ,h,o,u,r, ,g,e,t, ,f,o,o,d, ,t,a,b,l, ,r,e,s,t,a,u,r, ,f,o,o,d, ,l,u,k,e, ,w,a,r,m, ,s,e,v,e,r, ,r,u,n, ,a,r,o,u,n,d, ,l,i,k,e, ,t,o,t,a,l, ,o,v,e,r,w,h,e,l,m
w,o,r,s,t, ,s,a,l,m,o,n, ,s,a,s,h,i,m,i
a,l,s,o, ,c,o,m,b,o, ,l,i,k,e, ,b,u,r,g,e,r, ,f,r,i, ,b,e,e,r, ,d,e,c,e,n,t, ,d,e,a,l
l,i,k,e, ,f,i,n,a,l, ,b,l,o,w
f,o,u,n,d, ,p,l,a,c,e, ,a,c,c,i,d, ,c,o,u,l,d, ,h,a,p,p,i,e,r
s,e,e,m, ,l,i,k,e, ,g,o,o,d, ,q,u,i,c,k, ,p,l,a,c,e, ,g,r,a,b, ,b,i,t,e, ,f,a,m,i,l,i,a,r, ,p,u,b, ,f,o,o,d, ,f,a,v,o,r, ,l,o,o,k, ,e,l,s,e,w,h,e,r
o,v,e,r,a,l, ,l,i,k,e, ,p,l,a,c,e, ,l,o,t
r,e,d,e,e,m, ,q,u,a,l,i,t,i, ,r,e,s,t,a,u,r, ,i,n,e,x,p,e,n,s
a,m,p,l, ,p,o,r,t,i,o,n, ,g,o,o,d, ,p,r,i,c,e
p,o,o,r, ,s,e,r,v,i,c, ,w,a,i,t,e,r, ,m,a,d,e, ,f,e,e,l, ,l,i,k,e, ,s,t,u,p,i,d, ,e,v,e,r,i, ,t,i,m,e, ,c,a,m,e, ,t,a,b,l
f,i,r,s,t, ,v,i,s,i,t, ,h,i,r,o, ,d,e,l,i,g,h,t
s,e,r,v,i,c, ,s,u,c,k
s,h,r,i,m,p, ,t,e,n,d,e,r, ,m,o,i,s,t
d,e,a,l, ,g,o,o,d, ,e,n,o,u,g,h, ,w,o,u,l,d, ,d,r,a,g, ,e,s,t,a,b,l,i,s,h
h,a,r,d, ,j,u,d,g, ,w,h,e,t,h,e,r, ,s,i,d,e, ,g,o,o,d, ,g,r,o,s,s, ,m,e,l,t, ,s,t,y,r,o,f,o,a,m, ,w,a,n,t, ,e,a,t, ,f,e,a,r, ,g,e,t, ,s,i,c,k
p,o,s,i,t, ,n,o,t,e, ,s,e,r,v,e,r, ,a,t,t,e,n,t, ,p,r,o,v,i,d, ,g,r,e,a,t, ,s,e,r,v,i,c
f,r,o,z,e,n, ,p,u,c,k, ,d,i,s,g,u,s,t, ,w,o,r,s,t, ,p,e,o,p,l, ,b,e,h,i,n,d, ,r,e,g,i,s,t
t,h,i,n,g, ,l,i,k,e, ,p,r,i,m,e, ,r,i,b, ,d,e,s,s,e,r,t, ,s,e,c,t,i,o,n
b,a,d, ,f,o,o,d, ,d,a,m,n, ,g,e,n,e,r
b,u,r,g,e,r, ,g,o,o,d, ,b,e,e,f, ,c,o,o,k, ,r,i,g,h,t
w,a,n,t, ,s,a,n,d,w,i,c,h, ,g,o, ,f,i,r,e,h,o,u,s
s,i,d,e, ,g,r,e,e,k, ,s,a,l,a,d, ,g,r,e,e,k, ,d,r,e,s,s, ,t,a,s,t,i, ,p,i,t,a, ,h,u,m,m,u, ,r,e,f,r,e,s,h
o,r,d,e,r, ,d,u,c,k, ,r,a,r,e, ,p,i,n,k, ,t,e,n,d,e,r, ,i,n,s,i,d, ,n,i,c,e, ,c,h,a,r, ,o,u,t,s,i,d
c,a,m,e, ,r,u,n, ,u,s, ,r,e,a,l,i,z, ,h,u,s,b,a,n,d, ,l,e,f,t, ,s,u,n,g,l,a,s,s, ,t,a,b,l
c,h,o,w, ,m,e,i,n, ,g,o,o,d
h,o,r,r,i,b,l, ,a,t,t,i,t,u,d, ,t,o,w,a,r,d, ,c,u,s,t,o,m, ,t,a,l,k, ,o,n,e, ,c,u,s,t,o,m, ,e,n,j,o,y, ,f,o,o,d
p,o,r,t,i,o,n, ,h,u,g,e
l,o,v,e, ,f,r,i,e,n,d,l,i, ,s,e,r,v,e,r, ,g,r,e,a,t, ,f,o,o,d, ,w,o,n,d,e,r, ,i,m,a,g,i,n, ,m,e,n,u
h,e,a,r,t, ,a,t,t,a,c,k, ,g,r,i,l,l, ,d,o,w,n,t,o,w,n, ,v,e,g,a, ,a,b,s,o,l,u,t, ,f,l,a,t, ,l,i,n,e, ,e,x,c,u,s, ,r,e,s,t,a,u,r
m,u,c,h, ,s,e,a,f,o,o,d, ,l,i,k,e, ,s,t,r,i,n,g, ,p,a,s,t,a, ,b,o,t,t,o,m
s,a,l,a,d, ,r,i,g,h,t, ,a,m,o,u,n,t, ,s,a,u,c, ,p,o,w,e,r, ,s,c,a,l,l,o,p, ,p,e,r,f,e,c,t,l,i, ,c,o,o,k
r,i,p, ,b,a,n,a,n,a, ,r,i,p, ,p,e,t,r,i,f,i, ,t,a,s,t,e,l,e,s,s
l,e,a,s,t, ,t,h,i,n,k, ,r,e,f,i,l, ,w,a,t,e,r, ,s,t,r,u,g,g,l, ,w,a,v,e, ,m,i,n,u,t
p,l,a,c,e, ,r,e,c,e,i,v, ,s,t,a,r, ,a,p,p,e,t
c,o,c,k,t,a,i,l, ,h,a,n,d,m,a,d, ,d,e,l,i,c,i
d,e,f,i,n,i,t, ,g,o, ,b,a,c,k
g,l,a,d, ,f,o,u,n,d, ,p,l,a,c,e
g,r,e,a,t, ,f,o,o,d, ,s,e,r,v,i,c, ,h,u,g,e, ,p,o,r,t,i,o,n, ,g,i,v,e, ,m,i,l,i,t,a,r,i, ,d,i,s,c,o,u,n,t
a,l,w,a,y, ,g,r,e,a,t, ,t,i,m,e, ,d,o, ,g,r,i,n,g,o
u,p,d,a,t, ,w,e,n,t, ,b,a,c,k, ,s,e,c,o,n,d, ,t,i,m,e, ,s,t,i,l,l, ,a,m,a,z
g,o,t, ,f,o,o,d, ,a,p,p,a,r, ,n,e,v,e,r, ,h,e,a,r,d, ,s,a,l,t, ,b,a,t,t,e,r, ,f,i,s,h, ,c,h,e,w,i
g,r,e,a,t, ,w,a,y, ,f,i,n,i,s,h, ,g,r,e,a,t
d,e,a,l, ,i,n,c,l,u,d, ,t,a,s,t, ,d,r,i,n,k, ,j,e,f,f, ,w,e,n,t, ,b,e,y,o,n,d, ,e,x,p,e,c,t
r,e,a,l,l,i, ,r,e,a,l,l,i, ,g,o,o,d, ,r,i,c,e, ,t,i,m,e
s,e,r,v,i,c, ,m,e,h
t,o,o,k, ,m,i,n, ,g,e,t, ,m,i,l,k,s,h,a,k, ,n,o,t,h, ,c,h,o,c,o,l, ,m,i,l,k
g,u,e,s,s, ,k,n,o,w,n, ,p,l,a,c,e, ,w,o,u,l,d, ,s,u,c,k, ,i,n,s,i,d, ,e,x,c,a,l,i,b,u,r, ,u,s,e, ,c,o,m,m,o,n, ,s,e,n,s
s,c,a,l,l,o,p, ,d,i,s,h, ,q,u,i,t, ,a,p,p,a,l, ,v,a,l,u, ,w,e,l,l
t,i,m,e, ,b,a,d, ,c,u,s,t,o,m, ,s,e,r,v,i,c
s,w,e,e,t, ,p,o,t,a,t,o, ,f,r,i, ,g,o,o,d, ,s,e,a,s,o,n, ,w,e,l,l
t,o,d,a,y, ,s,e,c,o,n,d, ,t,i,m,e, ,l,u,n,c,h, ,b,u,f,f,e,t, ,p,r,e,t,t,i, ,g,o,o,d
m,u,c,h, ,g,o,o,d, ,f,o,o,d, ,v,e,g,a, ,f,e,e,l, ,c,h,e,a,t, ,w,a,s,t, ,e,a,t, ,o,p,p,o,r,t,u,n, ,g,o, ,r,i,c,e, ,c,o,m,p,a,n,i
c,o,m,e, ,l,i,k,e, ,e,x,p,e,r,i,e,n,c, ,u,n,d,e,r,w,h,e,l,m, ,r,e,l,a,t,i,o,n,s,h,i,p, ,p,a,r,t,i, ,w,a,i,t, ,p,e,r,s,o,n, ,a,s,k, ,b,r,e,a,k
w,a,l,k, ,p,l,a,c,e, ,s,m,e,l,l, ,l,i,k,e, ,o,l,d, ,g,r,e,a,s, ,t,r,a,p, ,o,t,h,e,r, ,e,a,t
t,u,r,k,e,y, ,r,o,a,s,t, ,b,e,e,f, ,b,l,a,n,d
p,l,a,c,e
p,a,n, ,c,a,k,e, ,e,v,e,r,y,o,n, ,r,a,v,e, ,t,a,s,t, ,l,i,k,e, ,s,u,g,a,r,i, ,d,i,s,a,s,t, ,t,a,i,l,o,r, ,p,a,l,a,t, ,s,i,x, ,y,e,a,r, ,o,l,d
l,o,v,e, ,p,h,o, ,s,p,r,i,n,g, ,r,o,l,l, ,o,h, ,y,u,m,m,i, ,t,r,i
p,o,o,r, ,b,a,t,t,e,r, ,m,e,a,t, ,r,a,t,i,o, ,m,a,d,e, ,c,h,i,c,k,e,n, ,t,e,n,d,e,r, ,u,n,s,a,t,i,s,f,i
s,a,y, ,f,o,o,d, ,a,m,a,z
o,m,e,l,e,t, ,d,i,e
e,v,e,r,y,t,h, ,f,r,e,s,h, ,d,e,l,i,c,i
s,u,m,m,a,r,i, ,l,a,r,g, ,d,i,s,a,p,p,o,i,n,t, ,d,i,n,e, ,e,x,p,e,r,i
l,i,k,e, ,r,e,a,l,l,i, ,s,e,x,i, ,p,a,r,t,i, ,m,o,u,t,h, ,o,u,t,r,a,g, ,f,l,i,r,t, ,h,o,t,t,e,s,t, ,p,e,r,s,o,n, ,p,a,r,t,i
n,e,v,e,r, ,h,a,r,d, ,r,o,c,k, ,c,a,s,i,n,o, ,n,e,v,e,r, ,e,v,e,r, ,s,t,e,p, ,f,o,r,w,a,r,d
b,e,s,t, ,b,r,e,a,k,f,a,s,t, ,b,u,f,f,e,t
s,a,y, ,b,y,e, ,b,y,e, ,t,i,p, ,l,a,d,i
n,e,v,e,r, ,g,o
b,a,c,k
f,o,o,d, ,a,r,r,i,v, ,q,u,i,c,k,l,i
g,o,o,d
s,i,d,e, ,c,a,f,e, ,s,e,r,v, ,r,e,a,l,l,i, ,g,o,o,d, ,f,o,o,d
s,e,r,v,e,r, ,f,a,n,t,a,s,t, ,f,o,u,n,d, ,w,i,f,e, ,l,o,v,e, ,r,o,a,s,t, ,g,a,r,l,i,c, ,b,o,n,e, ,m,a,r,r,o,w, ,a,d, ,e,x,t,r,a, ,m,e,a,l, ,a,n,o,t,h, ,m,a,r,r,o,w, ,g,o
g,o,o,d, ,t,h,i,n,g, ,w,a,i,t,e,r, ,h,e,l,p, ,k,e,p,t, ,b,l,o,d,d,i, ,m,a,r,i, ,c,o,m,e
b,e,s,t, ,b,u,f,f,e,t, ,t,o,w,n, ,p,r,i,c,e, ,c,a,n,n,o,t, ,b,e,a,t
l,o,v,e, ,m,u,s,s,e,l, ,c,o,o,k, ,w,i,n,e, ,r,e,d,u,c,t, ,d,u,c,k, ,t,e,n,d,e,r, ,p,o,t,a,t,o, ,d,i,s,h, ,d,e,l,i,c,i
o,n,e, ,b,e,t,t,e,r, ,b,u,f,f,e,t
w,e,n,t, ,t,i,g,e,r,l,i,l,l,i, ,f,a,n,t,a,s,t, ,a,f,t,e,r,n,o,o,n
f,o,o,d, ,d,e,l,i,c,i, ,b,a,r,t,e,n,d, ,a,t,t,e,n,t, ,p,e,r,s,o,n, ,g,o,t, ,g,r,e,a,t, ,d,e,a,l
a,m,b,i,e,n,c, ,w,o,n,d,e,r, ,m,u,s,i,c, ,p,l,a,y
g,o, ,b,a,c,k, ,n,e,x,t, ,t,r,i,p
s,o,o,o,o,o, ,g,o,o,d
r,e,a,l, ,s,u,s,h,i, ,l,o,v,e,r, ,l,e,t, ,h,o,n,e,s,t, ,y,a,m,a, ,g,o,o,d
l,e,a,s,t, ,m,i,n, ,p,a,s,s, ,u,s, ,o,r,d,e,r, ,f,o,o,d, ,a,r,r,i,v, ,b,u,s,i
r,e,a,l,l,i, ,f,a,n,t,a,s,t, ,t,h,a,i, ,r,e,s,t,a,u,r, ,d,e,f,i,n,i,t, ,w,o,r,t,h, ,v,i,s,i,t
n,i,c,e, ,s,p,i,c,i, ,t,e,n,d,e,r
g,o,o,d, ,p,r,i,c,e
c,h,e,c,k
p,r,e,t,t,i, ,g,r,o,s,s
b,e,t,t,e,r, ,a,t,m,o,s,p,h,e,r
k,i,n,d, ,h,a,r,d, ,m,e,s,s, ,s,t,e,a,k
a,l,t,h,o,u,g,h, ,m,u,c,h, ,l,i,k,e, ,l,o,o,k, ,s,o,u,n,d, ,p,l,a,c,e, ,a,c,t,u,a,l, ,e,x,p,e,r,i, ,b,i,t, ,d,i,s,a,p,p,o,i,n,t
k,n,o,w, ,p,l,a,c,e, ,m,a,n,a,g, ,s,e,r,v, ,b,l,a,n,d,e,s,t, ,f,o,o,d, ,e,v,e,r, ,e,a,t,e,n, ,p,r,e,p,a,r, ,i,n,d,i,a,n, ,c,u,i,s,i,n
w,o,r,s,t, ,s,e,r,v,i,c, ,b,o,o,t, ,l,e,a,s,t, ,w,o,r,r,i
s,e,r,v,i,c, ,f,i,n,e, ,w,a,i,t,r,e,s,s, ,f,r,i,e,n,d,l,i
g,u,y, ,s,t,e,a,k, ,s,t,e,a,k, ,l,o,v,e, ,s,o,n, ,s,t,e,a,k, ,b,e,s,t, ,w,o,r,s,t, ,p,l,a,c,e, ,s,a,i,d, ,b,e,s,t, ,s,t,e,a,k, ,e,v,e,r, ,e,a,t,e,n
t,h,o,u,g,h,t, ,v,e,n,t,u,r, ,a,w,a,y, ,g,e,t, ,g,o,o,d, ,s,u,s,h,i, ,p,l,a,c,e, ,r,e,a,l,l,i, ,h,i,t, ,s,p,o,t, ,n,i,g,h,t
h,o,s,t, ,s,t,a,f,f, ,l,a,c,k, ,b,e,t,t,e,r, ,w,o,r,d, ,b,i,t,c,h
b,l,a,n,d, ,l,i,k,e, ,p,l,a,c,e, ,n,u,m,b,e,r, ,r,e,a,s,o,n, ,w,a,n,t, ,w,a,s,t, ,t,i,m,e, ,b,a,d, ,r,e,v,i,e,w, ,l,e,a,v
p,h,e,n,o,m,e,n, ,f,o,o,d, ,s,e,r,v,i,c, ,a,m,b,i,a,n,c
r,e,t,u,r,n
d,e,f,i,n,i,t, ,w,o,r,t,h, ,v,e,n,t,u,r, ,s,t,r,i,p, ,p,o,r,k, ,b,e,l,l,i, ,r,e,t,u,r,n, ,n,e,x,t, ,t,i,m,e, ,v,e,g,a
p,l,a,c,e, ,w,a,y, ,o,v,e,r,p,r, ,m,e,d,i,o,c,r, ,f,o,o,d
p,e,n,n, ,v,o,d,k,a, ,e,x,c,e,l
g,o,o,d, ,s,e,l,e,c,t, ,f,o,o,d, ,i,n,c,l,u,d, ,m,a,s,s,i,v, ,m,e,a,t,l,o,a,f, ,s,a,n,d,w,i,c,h, ,c,r,i,s,p,i, ,c,h,i,c,k,e,n, ,w,r,a,p, ,d,e,l,i,s,h, ,t,u,n,a, ,m,e,l,t, ,t,a,s,t,i, ,b,u,r,g,e,r
m,a,n,a,g, ,r,u,d,e
d,e,l,i,c,i, ,n,y,c, ,b,a,g,e,l, ,g,o,o,d, ,s,e,l,e,c,t, ,c,r,e,a,m, ,c,h,e,e,s, ,r,e,a,l, ,l,o,x, ,c,a,p,e,r, ,e,v,e,n
g,r,e,a,t, ,s,u,b,w,a,y, ,f,a,c,t, ,g,o,o,d, ,c,o,m,e, ,e,v,e,r,i, ,s,u,b,w,a,y, ,m,e,e,t, ,e,x,p,e,c,t
s,e,r,i,o,u,s, ,s,o,l,i,d, ,b,r,e,a,k,f,a,s,t
o,n,e, ,b,e,s,t, ,b,a,r, ,f,o,o,d, ,v,e,g,a
e,x,t,r,e,m, ,r,u,d,e, ,r,e,a,l,l,i, ,m,a,n,i, ,r,e,s,t,a,u,r, ,w,o,u,l,d, ,l,o,v,e, ,d,i,n,e, ,w,e,e,k,e,n,d, ,v,e,g,a
d,r,i,n,k, ,n,e,v,e,r, ,e,m,p,t,i, ,m,a,d,e, ,r,e,a,l,l,i, ,g,r,e,a,t, ,m,e,n,u, ,s,u,g,g,e,s,t

w,a,i,t,e,r, ,h,e,l,p, ,f,r,i,e,n,d,l,i, ,r,a,r,e, ,c,h,e,c,k, ,u,s
h,u,s,b,a,n,d, ,a,t,e, ,l,u,n,c,h, ,d,i,s,a,p,p,o,i,n,t, ,f,o,o,d, ,s,e,r,v,i,c
r,e,d, ,c,u,r,r,i, ,m,u,c,h, ,b,a,m,b,o,o, ,s,h,o,o,t, ,t,a,s,t,i
n,i,c,e, ,b,l,a,n,k,e,t, ,m,o,z, ,t,o,p, ,f,e,e,l, ,l,i,k,e, ,d,o,n,e, ,c,o,v,e,r, ,s,u,b,p,a,r, ,f,o,o,d
b,a,t,h,r,o,o,m, ,c,l,e,a,n, ,p,l,a,c,e, ,w,e,l,l, ,d,e,c,o,r
m,e,n,u, ,a,l,w,a,y, ,c,h,a,n,g, ,f,o,o,d, ,q,u,a,l,i,t,i, ,g,o, ,s,e,r,v,i,c, ,e,x,t,r,e,m, ,s,l,o,w
s,e,r,v,i,c, ,l,i,t,t,l, ,s,l,o,w, ,c,o,n,s,i,d, ,s,e,r,v, ,p,e,o,p,l, ,s,e,r,v,e,r, ,f,o,o,d, ,c,o,m,e, ,s,l,o,w, ,p,a,c,e
g,i,v,e, ,t,h,u,m,b
w,a,t,c,h, ,w,a,i,t,e,r, ,p,a,y, ,l,o,t, ,a,t,t,e,n,t, ,t,a,b,l, ,i,g,n,o,r, ,u,s
f,i,a,n,c, ,c,a,m,e, ,m,i,d,d,l, ,d,a,y, ,g,r,e,e,t, ,s,e,a,t, ,r,i,g,h,t, ,a,w,a,y
g,r,e,a,t, ,r,e,s,t,a,u,r, ,m,a,n,d,a,l,a,y, ,b,a,y
w,a,i,t, ,f,o,r,t,i, ,f,i,v,e, ,m,i,n,u,t, ,v,a,i,n
c,r,o,s,t,i,n,i, ,c,a,m,e, ,s,a,l,a,d, ,s,t,a,l,e
h,i,g,h,l,i,g,h,t, ,g,r,e,a,t, ,q,u,a,l,i,t,i, ,n,i,g,i,r,i
s,t,a,f,f, ,f,r,i,e,n,d,l,i, ,j,o,i,n,t, ,a,l,w,a,y, ,c,l,e,a,n
d,i,f,f,e,r, ,c,u,t, ,p,i,e,c, ,d,a,y, ,s,t,i,l,l, ,w,o,n,d,e,r, ,t,e,n,d,e,r, ,w,e,l,l, ,w,e,l,l, ,f,l,a,v,o,r
o,r,d,e,r, ,v,o,o,d,o,o, ,p,a,s,t,a, ,f,i,r,s,t, ,t,i,m,e, ,r,e,a,l,l,i, ,e,x,c,e,l, ,p,a,s,t,a, ,s,i,n,c, ,g,o, ,g,l,u,t,e,n, ,f,r,e,e, ,s,e,v,e,r, ,y,e,a,r, ,a,g,o
p,l,a,c,e, ,g,o,o,d
u,n,f,o,r,t,u,n, ,m,u,s,t, ,h,i,t, ,b,a,k,e,r,i, ,l,e,f,t,o,v, ,d,a,y, ,e,v,e,r,y,t,h, ,o,r,d,e,r, ,s,t,a,l,e
c,a,m,e, ,b,a,c,k, ,t,o,d,a,y, ,s,i,n,c, ,r,e,l,o,c, ,s,t,i,l,l, ,i,m,p,r,e,s,s
s,e,a,t, ,i,m,m,e,d,i
m,e,n,u, ,d,i,v,e,r,s, ,r,e,a,s,o,n, ,p,r,i,c,e
a,v,o,i,d, ,c,o,s,t
r,e,s,t,a,u,r, ,a,l,w,a,y, ,f,u,l,l, ,n,e,v,e,r, ,w,a,i,t
d,e,l,i,c,i
p,l,a,c,e, ,h,a,n,d, ,o,n,e, ,b,e,s,t, ,p,l,a,c,e, ,e,a,t, ,p,h,o,e,n,i,x, ,m,e,t,r,o, ,a,r,e,a
g,o, ,l,o,o,k, ,g,o,o,d, ,f,o,o,d
n,e,v,e,r, ,t,r,e,a,t, ,b,a,d
b,a,c,o,n, ,h,e,l,l,a, ,s,a,l,t,i
a,l,s,o, ,o,r,d,e,r, ,s,p,i,n,a,c,h, ,a,v,o,c,a,d,o, ,s,a,l,a,d, ,i,n,g,r,e,d,i, ,s,a,d, ,d,r,e,s,s, ,l,i,t,e,r, ,z,e,r,o, ,t,a,s,t
r,e,a,l,l,i, ,v,e,g,a, ,f,i,n,e, ,d,i,n,e, ,u,s,e, ,r,i,g,h,t, ,m,e,n,u, ,h,a,n,d, ,l,a,d,i, ,p,r,i,c,e, ,l,i,s,t
w,a,i,t,r,e,s,s, ,f,r,i,e,n,d,l,i
l,o,r,d,i, ,k,h,a,o, ,s,o,i, ,d,i,s,h, ,m,i,s,s, ,c,u,r,r,i, ,l,o,v,e,r
e,v,e,r,y,t,h, ,m,e,n,u, ,t,e,r,r,i,f, ,a,l,s,o, ,t,h,r,i,l,l, ,m,a,d,e, ,a,m,a,z, ,a,c,c,o,m,m,o,d, ,v,e,g,e,t,a,r,i,a,n, ,d,a,u,g,h,t,e,r
p,e,r,h,a,p, ,c,a,u,g,h,t, ,n,i,g,h,t, ,j,u,d,g, ,r,e,v,i,e,w, ,i,n,s,p,i,r, ,g,o, ,b,a,c,k
s,e,r,v,i,c, ,l,e,a,v, ,l,o,t, ,d,e,s,i,r
a,t,m,o,s,p,h,e,r, ,m,o,d,e,r,n, ,h,i,p, ,m,a,i,n,t,a,i,n, ,t,o,u,c,h, ,c,o,z,i
w,e,e,k,l,i, ,h,a,u,n,t, ,d,e,f,i,n,i,t, ,p,l,a,c,e, ,c,o,m,e, ,b,a,c,k, ,e,v,e,r,i
l,i,t,e,r, ,s,a,t, ,m,i,n,u,t, ,o,n,e, ,a,s,k, ,t,a,k,e, ,o,r,d,e,r
b,u,r,g,e,r, ,a,b,s,o,l,u,t, ,f,l,a,v,o,r, ,m,e,a,t, ,t,o,t,a,l, ,b,l,a,n,d, ,b,u,r,g,e,r, ,o,v,e,r,c,o,o,k, ,c,h,a,r,c,o,a,l, ,f,l,a,v,o,r
a,l,s,o, ,d,e,c,i,d, ,s,e,n,d, ,b,a,c,k, ,w,a,i,t,r,e,s,s, ,l,o,o,k, ,l,i,k,e, ,v,e,r,g, ,h,e,a,r,t, ,a,t,t,a,c,k
d,r,e,s,s, ,t,r,e,a,t, ,r,u,d,e
p,r,o,b,a,b,l, ,d,i,r,t
l,o,v,e, ,p,l,a,c,e, ,h,i,t, ,s,p,o,t, ,w,a,n,t, ,s,o,m,e,t,h, ,h,e,a,l,t,h,i, ,l,a,c,k, ,q,u,a,n,t,i,t,i, ,f,l,a,v,o,r
o,r,d,e,r, ,l,e,m,o,n, ,r,a,s,p,b,e,r,r,i, ,i,c,e, ,c,o,c,k,t,a,i,l, ,a,l,s,o, ,i,n,c,r,e,d
f,o,o,d, ,s,u,c,k, ,e,x,p,e,c,t, ,s,u,c,k, ,c,o,u,l,d, ,i,m,a,g,i,n
i,n,t,e,r,e,s,t, ,d,e,c,o,r
r,e,a,l,l,i, ,l,i,k,e, ,c,r,e,p,e, ,s,t,a,t,i,o,n
a,l,s,o, ,s,e,r,v, ,h,o,t, ,b,r,e,a,d, ,b,u,t,t,e,r, ,h,o,m,e, ,m,a,d,e, ,p,o,t,a,t,o, ,c,h,i,p, ,b,a,c,o,n, ,b,i,t, ,t,o,p, ,o,r,i,g,i,n, ,g,o,o,d
w,a,t,c,h, ,p,r,e,p,a,r, ,d,e,l,i,c,i, ,f,o,o,d
e,g,g, ,r,o,l,l, ,f,a,n,t,a,s,t
o,r,d,e,r, ,a,r,r,i,v, ,o,n,e, ,g,y,r,o, ,m,i,s,s
s,a,l,a,d, ,w,i,n,g, ,i,c,e, ,c,r,e,a,m, ,d,e,s,s,e,r,t, ,l,e,f,t, ,f,e,e,l, ,q,u,i,t, ,s,a,t,i,s,f,i
r,e,a,l,l,i, ,s,u,r,e, ,j,o,e,y, ,v,o,t,e, ,b,e,s,t, ,h,o,t, ,d,o,g, ,v,a,l,l,e,y, ,r,e,a,d,e,r, ,p,h,o,e,n,i,x, ,m,a,g,a,z,i,n
b,e,s,t, ,p,l,a,c,e, ,g,o, ,t,a,s,t,i, ,b,o,w,l, ,p,h,o
l,i,v,e, ,m,u,s,i,c, ,f,r,i,d,a,y, ,t,o,t,a,l, ,b,l,o,w
n,e,v,e,r, ,i,n,s,u,l,t, ,f,e,l,t, ,d,i,s,r,e,s,p,e,c,t
f,r,i,e,n,d,l,i, ,s,t,a,f,f
w,o,r,t,h, ,d,r,i,v,e
h,e,a,r,d, ,g,o,o,d, ,t,h,i,n,g, ,p,l,a,c,e, ,e,x,c,e,e,d, ,e,v,e,r,i, ,h,o,p,e, ,c,o,u,l,d, ,d,r,e,a,m
f,o,o,d, ,g,r,e,a,t, ,s,e,r,i,v,c
w,a,r,m, ,b,e,e,r, ,h,e,l,p
g,r,e,a,t, ,b,r,u,n,c,h, ,s,p,o,t
s,e,r,v,i,c, ,f,r,i,e,n,d,l,i, ,i,n,v,i,t
g,o,o,d, ,l,u,n,c,h, ,s,p,o,t
l,i,v,e, ,s,i,n,c, ,f,i,r,s,t, ,l,a,s,t, ,t,i,m,e, ,s,t,e,p, ,f,o,o,t, ,p,l,a,c,e
w,o,r,s,t, ,e,x,p,e,r,i, ,e,v,e,r
m,u,s,t, ,n,i,g,h,t, ,p,l,a,c,e
s,i,d,e, ,d,e,l,i,s,h, ,m,i,x, ,m,u,s,h,r,o,o,m, ,y,u,k,o,n, ,g,o,l,d, ,p,u,r,e, ,w,h,i,t,e, ,c,o,r,n, ,b,e,a,t,e,o,u
b,u,g, ,n,e,v,e,r, ,s,h,o,w, ,w,o,u,l,d, ,g,i,v,e,n, ,s,u,r,e, ,s,i,d,e, ,w,a,l,l, ,b,u,g, ,c,l,i,m,b, ,k,i,t,c,h,e,n
m,i,n,u,t, ,w,a,i,t, ,s,a,l,a,d, ,r,e,a,l,i,z, ,c,o,m,e, ,t,i,m,e, ,s,o,o,n
f,r,i,e,n,d, ,l,o,v,e, ,s,a,l,m,o,n, ,t,a,r,t,a,r
g,o, ,b,a,c,k
e,x,t,r,e,m, ,t,a,s,t,i
w,a,i,t,r,e,s,s, ,g,o,o,d, ,t,h,o,u,g,h
s,o,g,g,i, ,g,o,o,d
j,a,m,a,i,c,a,n, ,m,o,j,i,t,o, ,d,e,l,i,c,i
s,m,a,l,l, ,w,o,r,t,h, ,p,r,i,c,e
f,o,o,d, ,r,i,c,h, ,o,r,d,e,r, ,a,c,c,o,r,d,i,n,g,l,i
s,h,o,w,e,r, ,a,r,e,a, ,o,u,t,s,i,d, ,r,i,n,s, ,t,a,k,e, ,f,u,l,l, ,s,h,o,w,e,r, ,u,n,l,e,s,s, ,m,i,n,d, ,n,u,d,e, ,e,v,e,r,y,o,n, ,s,e,e
s,e,r,v,i,c, ,b,i,t, ,l,a,c,k
l,o,b,s,t,e,r, ,b,i,s,q,u, ,b,u,s,s,e,l, ,s,p,r,o,u,t, ,r,i,s,o,t,t,o, ,f,i,l,e,t, ,n,e,e,d, ,s,a,l,t, ,p,e,p,p,e,r, ,c,o,u,r,s, ,n,o,n,e, ,t,a,b,l
h,o,p,e, ,b,o,d,e, ,g,o, ,b,u,s,i, ,s,o,m,e,o,n, ,c,o,o,k, ,c,o,m,e
e,i,t,h,e,r, ,c,o,l,d, ,e,n,o,u,g,h, ,f,l,a,v,o,r, ,b,a,d
l,o,v,e, ,b,a,c,o,n, ,w,r,a,p, ,d,a,t,e
u,n,b,e,l,i,e,v, ,b,a,r,g,a,i,n
f,o,l,k, ,o,t,t,o, ,a,l,w,a,y, ,m,a,k,e, ,u,s, ,f,e,e,l, ,w,e,l,c,o,m, ,s,p,e,c,i,a,l
m,a,i,n, ,a,l,s,o, ,u,n,i,n,s,p,i,r
p,l,a,c,e, ,f,i,r,s,t, ,p,h,o, ,a,m,a,z
w,o,n,d,e,r, ,e,x,p,e,r,i, ,m,a,d,e, ,p,l,a,c,e, ,m,u,s,t, ,s,t,o,p, ,w,h,e,n,e,v, ,t,o,w,n
f,o,o,d, ,b,a,d, ,e,n,o,u,g,h, ,e,n,j,o,y, ,d,e,a,l, ,w,o,r,l,d, ,w,o,r,s,t, ,a,n,n,o,y, ,d,r,u,n,k, ,p,e,o,p,l
f,u,n, ,c,h,e,f
o,r,d,e,r, ,d,o,u,b,l, ,c,h,e,e,s,e,b,u,r,g, ,g,o,t, ,s,i,n,g,l, ,p,a,t,t,i, ,f,a,l,l, ,a,p,a,r,t, ,p,i,c,t,u,r, ,u,p,l,o,a,d, ,y,e,a,h, ,s,t,i,l,l, ,s,u,c,k
g,r,e,a,t, ,p,l,a,c,e, ,c,o,u,p,l, ,d,r,i,n,k, ,w,a,t,c,h, ,s,p,o,r,t, ,e,v,e,n,t, ,w,a,l,l, ,c,o,v,e,r, ,t,v
p,o,s,s,i,b,l, ,g,i,v,e, ,z,e,r,o, ,s,t,a,r
d,e,s,c,r,i,p,t, ,s,a,i,d, ,y,u,m, ,y,u,m, ,s,a,u,c, ,a,n,o,t,h, ,s,a,i,d, ,e,e,l, ,s,a,u,c, ,y,e,t, ,a,n,o,t,h, ,s,a,i,d, ,s,p,i,c,i, ,m,a,y,o, ,w,e,l,l, ,n,o,n,e, ,r,o,l,l, ,s,a,u,c
s,a,y, ,w,o,u,l,d, ,h,a,r,d,e,s,t, ,d,e,c,i,s, ,h,o,n,e,s,t,l,i, ,d,i,s,h, ,t,a,s,t, ,s,u,p,p,o,s, ,t,a,s,t, ,a,m,a,z
r,o,l,l, ,e,y,e, ,m,a,y, ,s,t,a,y, ,s,u,r,e, ,g,o, ,b,a,c,k, ,t,r,i
e,v,e,r,y,o,n, ,a,t,t,e,n,t, ,p,r,o,v,i,d, ,e,x,c,e,l, ,c,u,s,t,o,m, ,s,e,r,v,i,c
h,o,r,r,i,b,l, ,w,a,s,t, ,t,i,m,e, ,m,o,n,e,y
d,i,s,h, ,q,u,i,t, ,f,l,a,v,o,u,r
t,i,m,e, ,s,i,d,e, ,r,e,s,t,a,u,r, ,a,l,m,o,s,t, ,e,m,p,t,i, ,e,x,c,u,s
b,u,s,i, ,e,i,t,h,e,r, ,a,l,s,o, ,b,u,i,l,d, ,f,r,e,e,z, ,c,o,l,d
l,i,k,e, ,r,e,v,i,e,w, ,s,a,i,d, ,p,a,y, ,e,a,t, ,p,l,a,c,e
d,r,i,n,k, ,t,o,o,k, ,c,l,o,s,e, ,m,i,n,u,t, ,c,o,m,e, ,o,n,e, ,p,o,i,n,t
s,e,r,i,o,u,s, ,f,l,a,v,o,r, ,d,e,l,i,g,h,t, ,f,o,l,k
m,u,c,h, ,b,e,t,t,e,r, ,a,y,c, ,s,u,s,h,i, ,p,l,a,c,e, ,w,e,n,t, ,v,e,g,a
l,i,g,h,t, ,d,a,r,k, ,e,n,o,u,g,h, ,s,e,t, ,m,o,o,d
b,a,s,e, ,s,u,b, ,p,a,r, ,s,e,r,v,i,c, ,r,e,c,e,i,v, ,e,f,f,o,r,t, ,s,h,o,w, ,g,r,a,t,i,t,u,d, ,b,u,s,i, ,g,o, ,b,a,c,k
o,w,n,e,r, ,r,e,a,l,l,i, ,g,r,e,a,t, ,p,e,o,p,l
n,o,t,h, ,p,r,i,v,i,l,e,g, ,w,o,r,k, ,e,a,t
g,r,e,e,k, ,d,r,e,s,s, ,c,r,e,a,m,i, ,f,l,a,v,o,r
o,v,e,r,a,l, ,t,h,i,n,k, ,w,o,u,l,d, ,t,a,k,e, ,p,a,r,e,n,t, ,p,l,a,c,e, ,m,a,d,e, ,s,i,m,i,l,a,r, ,c,o,m,p,l,a,i,n,t, ,s,i,l,e,n,t, ,f,e,l,t
p,i,z,z,a, ,g,o,o,d, ,p,e,a,n,u,t, ,s,a,u,c, ,t,a,s,t,i
t,a,b,l, ,s,e,r,v,i,c, ,p,r,e,t,t,i, ,f,a,s,t
f,a,n,t,a,s,t, ,s,e,r,v,i,c
w,e,l,l, ,w,o,u,l,d, ,g,i,v,e,n, ,g,o,d,f,a,t,h, ,z,e,r,o, ,s,t,a,r, ,p,o,s,s,i,b,l
k,n,o,w, ,m,a,k,e
t,o,u,g,h, ,s,h,o,r,t, ,f,l,a,v,o,r
h,o,p,e, ,p,l,a,c,e, ,s,t,i,c,k, ,a,r,o,u,n,d
b,a,r, ,v,e,g,a, ,e,v,e,r, ,r,e,c,a,l, ,c,h,a,r,g, ,t,a,p, ,w,a,t,e,r
r,e,s,t,a,u,r, ,a,t,m,o,s,p,h,e,r, ,e,x,q,u,i,s,i,t
g,o,o,d, ,s,e,r,v,i,c, ,c,l,e,a,n, ,i,n,e,x,p,e,n,s, ,b,o,o,t
s,e,a,f,o,o,d, ,f,r,e,s,h, ,g,e,n,e,r, ,p,o,r,t,i,o,n
p,l,u, ,b,u,c,k
s,e,r,v,i,c, ,p,a,r, ,e,i,t,h,e,r
t,h,u, ,f,a,r, ,v,i,s,i,t, ,t,w,i,c,e, ,f,o,o,d, ,a,b,s,o,l,u,t, ,d,e,l,i,c,i, ,t,i,m,e
g,o,o,d, ,y,e,a,r, ,a,g,o
s,e,l,f, ,p,r,o,c,l,a,i,m, ,c,o,f,f,e, ,c,a,f,e, ,w,i,l,d,l,i, ,d,i,s,a,p,p,o,i,n,t
v,e,g,g,i,t,a,r,i,a,n, ,p,l,a,t,t,e,r, ,w,o,r,l,d
c,a,n,t, ,g,o, ,w,r,o,n,g, ,f,o,o,d
b,e,a,t
s,t,o,p, ,p,l,a,c,e, ,m,a,d,i,s,o,n, ,i,r,o,n,m,a,n, ,f,r,i,e,n,d,l,i, ,k,i,n,d, ,s,t,a,f,f
c,h,e,f, ,f,r,i,e,n,d,l,i, ,g,o,o,d, ,j,o,b
b,e,t,t,e,r, ,d,e,d,i,c, ,b,o,b,a, ,t,e,a, ,s,p,o,t, ,e,v,e,n, ,j,e,n,n,i, ,p,h,o
l,i,k,e, ,p,a,t,i,o, ,s,e,r,v,i,c, ,o,u,t,s,t,a,n,d
g,o,a,t, ,t,a,c,o, ,s,k,i,m,p, ,m,e,a,t, ,w,o,w, ,f,l,a,v,o,r
t,h,i,n,k
m,a,c, ,s,a,l,a,d, ,p,r,e,t,t,i, ,b,l,a,n,d, ,g,e,t
w,e,n,t, ,b,a,c,h,i, ,b,u,r,g,e,r, ,f,r,i,e,n,d, ,r,e,c,o,m,m,e,n,d, ,d,i,s,a,p,p,o,i,n,t
s,e,r,v,i,c, ,s,t,i,n,k
w,a,i,t, ,w,a,i,t
p,l,a,c,e, ,q,u,a,l,i,t,i, ,s,u,s,h,i, ,q,u,a,l,i,t,i, ,r,e,s,t,a,u,r
w,o,u,l,d, ,d,e,f,i,n,i,t, ,r,e,c,o,m,m,e,n,d, ,w,i,n,g, ,w,e,l,l, ,p,i,z,z,a
g,r,e,a,t, ,p,i,z,z,a, ,s,a,l,a,d
t,h,i,n,g, ,w,e,n,t, ,w,r,o,n,g, ,b,u,r,n, ,s,a,g,a,n,a,k,i
w,a,i,t, ,h,o,u,r, ,b,r,e,a,k,f,a,s,t, ,c,o,u,l,d, ,d,o,n,e, ,t,i,m,e, ,b,e,t,t,e,r, ,h,o,m,e
p,l,a,c,e, ,a,m,a,z
h,a,t,e, ,d,i,s,a,g,r,e, ,f,e,l,l,o,w, ,y,e,l,p,e,r, ,h,u,s,b,a,n,d, ,d,i,s,a,p,p,o,i,n,t, ,p,l,a,c,e
w,a,i,t, ,h,o,u,r, ,n,e,v,e,r, ,g,o,t, ,e,i,t,h,e,r, ,p,i,z,z,a, ,m,a,n,i, ,a,r,o,u,n,d, ,u,s, ,c,a,m,e, ,l,a,t,e,r
k,n,o,w, ,s,l,o,w
s,t,a,f,f, ,g,r,e,a,t, ,f,o,o,d, ,d,e,l,i,s,h, ,i,n,c,r,e,d, ,b,e,e,r, ,s,e,l,e,c,t
l,i,v,e, ,n,e,i,g,h,b,o,r,h,o,o,d, ,d,i,s,a,p,p,o,i,n,t, ,b,a,c,k, ,c,o,n,v,e,n,i, ,l,o,c,a,t
k,n,o,w, ,p,u,l,l, ,p,o,r,k, ,c,o,u,l,d, ,s,o,o,o,o, ,d,e,l,i,c,i
g,e,t, ,i,n,c,r,e,d, ,f,r,e,s,h, ,f,i,s,h, ,p,r,e,p,a,r, ,c,a,r,e
g,o, ,g,a,v,e, ,s,t,a,r, ,r,a,t,e, ,p,l,e,a,s, ,k,n,o,w, ,t,h,i,r,d, ,t,i,m,e, ,e,a,t, ,b,a,c,h,i, ,b,u,r,g,e,r, ,w,r,i,t,e, ,r,e,v,i,e,w
l,o,v,e, ,f,a,c,t, ,e,v,e,r,y,t,h, ,m,e,n,u, ,w,o,r,t,h
n,e,v,e,r, ,d,i,n,e, ,p,l,a,c,e
f,o,o,d, ,e,x,c,e,l, ,s,e,r,v,i,c, ,g,o,o,d
g,o,o,d, ,b,e,e,r, ,d,r,i,n,k, ,s,e,l,e,c,t, ,g,o,o,d, ,f,o,o,d, ,s,e,l,e,c,t
p,l,e,a,s, ,s,t,a,y, ,a,w,a,y, ,s,h,r,i,m,p, ,s,t,i,r, ,f,r,i, ,n,o,o,d,l
p,o,t,a,t,o, ,c,h,i,p, ,o,r,d,e,r, ,s,a,d, ,c,o,u,l,d, ,p,r,o,b,a,b,l, ,c,o,u,n,t, ,m,a,n,i, ,c,h,i,p, ,b,o,x, ,p,r,o,b,a,b,l, ,a,r,o,u,n,d
f,o,o,d, ,r,e,a,l,l,i, ,b,o,r,e
g,o,o,d, ,s,e,r,v,i,c, ,c,h,e,c,k
g,r,e,e,d,i, ,c,o,r,p,o,r, ,n,e,v,e,r, ,s,e,e, ,a,n,o,t,h, ,d,i,m,e
n,e,v,e,r, ,e,v,e,r, ,g,o, ,b,a,c,k
m,u,c,h, ,l,i,k,e, ,g,o, ,b,a,c,k, ,g,e,t, ,p,a,s,s, ,a,t,r,o,c,i, ,s,e,r,v,i,c, ,n,e,v,e,r, ,r,e,t,u,r,n
s,u,m,m,e,r, ,d,i,n,e, ,c,h,a,r,m, ,o,u,t,d,o,o,r, ,p,a,t,i,o, ,d,e,l,i,g,h,t
e,x,p,e,c,t, ,g,o,o,d
f,a,n,t,a,s,t, ,f,o,o,d
o,r,d,e,r, ,t,o,a,s,t, ,e,n,g,l,i,s,h, ,m,u,f,f,i,n, ,c,a,m,e, ,u,n,t,o,a,s,t
f,o,o,d, ,g,o,o,d
n,e,v,e,r, ,g,o, ,b,a,c,k
g,r,e,a,t, ,f,o,o,d, ,p,r,i,c,e, ,h,i,g,h, ,q,u,a,l,i,t,i, ,h,o,u,s, ,m,a,d,e
b,u, ,b,o,y, ,h,a,n,d, ,r,u,d,e
p,o,i,n,t, ,f,r,i,e,n,d, ,b,a,s,i,c, ,f,i,g,u,r, ,p,l,a,c,e, ,j,o,k,e, ,m,i,n,d, ,m,a,k,e, ,p,u,b,l,i,c,l,i, ,l,o,u,d,l,i, ,k,n,o,w,n
b,a,c,k, ,g,o,o,d, ,b,b,q, ,l,i,g,h,t,e,r, ,f,a,r,e, ,r,e,a,s,o,n, ,p,r,i,c,e, ,t,e,l,l, ,p,u,b,l,i,c, ,b,a,c,k, ,o,l,d, ,w,a,y
c,o,n,s,i,d, ,t,w,o, ,u,s, ,l,e,f,t, ,f,u,l,l, ,h,a,p,p,i, ,g,o, ,w,r,o,n,g
b,r,e,a,d, ,m,a,d,e, ,h,o,u,s
d,o,w,n,s,i,d, ,s,e,r,v,i,c
a,l,s,o, ,f,r,i, ,w,i,t,h,o,u,t, ,d,o,u,b,t, ,w,o,r,s,t, ,f,r,i, ,e,v,e,r
s,e,r,v,i,c, ,e,x,c,e,p,t, ,f,o,o,d, ,g,o,o,d, ,r,e,v,i,e,w
c,o,u,p,l, ,m,o,n,t,h, ,l,a,t,e,r, ,r,e,t,u,r,n, ,a,m,a,z, ,m,e,a,l
f,a,v,o,r,i,t, ,p,l,a,c,e, ,t,o,w,n, ,s,h,a,w,a,r,r,r,r,r,r,m,a
b,l,a,c,k, ,e,y,e, ,p,e,a, ,s,w,e,e,t, ,p,o,t,a,t,o, ,u,n,r,e,a,l
d,i,s,a,p,p,o,i,n,t
c,o,u,l,d, ,s,e,r,v, ,v,i,n,a,i,g,r,e,t,t, ,m,a,y, ,m,a,k,e, ,b,e,t,t,e,r, ,o,v,e,r,a,l, ,d,i,s,h, ,s,t,i,l,l, ,g,o,o,d
g,o, ,f,a,r, ,m,a,n,i, ,p,l,a,c,e, ,n,e,v,e,r, ,s,e,e,n, ,r,e,s,t,a,u,r, ,s,e,r,v, ,e,g,g, ,b,r,e,a,k,f,a,s,t, ,e,s,p,e,c,i
m,o,m, ,g,o,t, ,h,o,m,e, ,i,m,m,e,d,i, ,g,o,t, ,s,i,c,k, ,b,i,t,e, ,s,a,l,a,d
s,e,r,v,e,r, ,p,l,e,a,s,a,n,t, ,d,e,a,l, ,a,l,w,a,y, ,h,o,n,o,r, ,p,i,z,z,a, ,h,u,t, ,c,o,u,p,o,n
t,r,u,l,i, ,u,n,b,e,l,i,e,v, ,g,o,o,d, ,g,l,a,d, ,w,e,n,t, ,b,a,c,k
f,a,n,t,a,s,t, ,s,e,r,v,i,c, ,p,l,e,a,s, ,a,t,m,o,s,p,h,e,r
e,v,e,r,y,t,h, ,g,r,o,s,s
l,o,v,e, ,p,l,a,c,e
g,r,e,a,t, ,s,e,r,v,i,c, ,f,o,o,d
f,i,r,s,t, ,b,a,t,h,r,o,o,m, ,l,o,c,a,t, ,d,i,r,t,i, ,s,e,a,t, ,c,o,v,e,r, ,r,e,p,l,e,n,i,s,h, ,p,l,a,i,n, ,y,u,c,k,i
b,u,r,g,e,r, ,g,o,t, ,g,o,l,d, ,s,t,a,n,d,a,r,d, ,b,u,r,g,e,r, ,k,i,n,d, ,d,i,s,a,p,p,o,i,n,t
o,m,g, ,f,o,o,d, ,d,e,l,i,c,i,o,s,o
n,o,t,h, ,a,u,t,h,e,n,t, ,p,l,a,c,e
s,p,a,g,h,e,t,t,i, ,n,o,t,h, ,s,p,e,c,i,a,l, ,w,h,a,t,s,o,e,v
d,i,s,h, ,s,a,l,m,o,n, ,b,e,s,t, ,g,r,e,a,t
v,e,g,e,t, ,f,r,e,s,h, ,s,a,u,c, ,f,e,e,l, ,l,i,k,e, ,a,u,t,h,e,n,t, ,t,h,a,i
w,o,r,t,h, ,d,r,i,v,e, ,t,u,c,s,o,n
s,e,l,e,c,t, ,p,r,o,b,a,b,l, ,w,o,r,s,t, ,s,e,e,n, ,v,e,g,a, ,n,o,n,e
p,r,e,t,t,i, ,g,o,o,d, ,b,e,e,r, ,s,e,l,e,c,t
p,l,a,c,e, ,l,i,k,e, ,c,h,i,p,o,t,l, ,b,e,t,t,e,r
c,l,a,s,s,i, ,w,a,r,m, ,a,t,m,o,s,p,h,e,r, ,f,u,n, ,f,r,e,s,h, ,a,p,p,e,t, ,s,u,c,c,u,l, ,s,t,e,a,k, ,b,a,s,e,b,a,l, ,s,t,e,a,k
s,t,a,r, ,b,r,i,c,k, ,o,v,e,n, ,b,r,e,a,d, ,a,p,p
e,a,t,e,n, ,m,u,l,t,i,p,l, ,t,i,m,e, ,t,i,m,e, ,f,o,o,d, ,d,e,l,i,c,i
s,a,t, ,a,n,o,t,h, ,t,e,n, ,m,i,n,u,t, ,f,i,n,a,l, ,g,a,v,e, ,l,e,f,t
t,e,r,r,i,b,l
e,v,e,r,y,o,n, ,t,r,e,a,t, ,e,q,u,a,l, ,s,p,e,c,i,a,l
t,a,k,e, ,m,i,n, ,p,a,n,c,a,k, ,e,g,g
d,e,l,i,c,i
g,o,o,d, ,s,i,d,e, ,s,t,a,f,f, ,g,e,n,u,i,n, ,p,l,e,a,s,a,n,t, ,e,n,t,h,u,s,i,a,s,t, ,r,e,a,l, ,t,r,e,a,t
s,a,d,l,i, ,g,o,r,d,o,n, ,r,a,m,s,e,y, ,s,t,e,a,k, ,p,l,a,c,e, ,s,h,a,l,l, ,s,h,a,r,p,l,i, ,a,v,o,i,d, ,n,e,x,t, ,t,r,i,p, ,v,e,g,a
a,l,w,a,y, ,e,v,e,n, ,w,o,n,d,e,r, ,f,o,o,d, ,d,e,l,i,c,i
b,e,s,t, ,f,i,s,h, ,e,v,e,r, ,l,i,f,e
b,a,t,h,r,o,o,m, ,n,e,x,t, ,d,o,o,r, ,n,i,c,e
b,u,f,f,e,t, ,s,m,a,l,l, ,f,o,o,d, ,o,f,f,e,r, ,b,l,a,n,d
o,u,t,s,t,a,n,d, ,l,i,t,t,l, ,r,e,s,t,a,u,r, ,b,e,s,t, ,f,o,o,d, ,e,v,e,r, ,t,a,s,t
p,r,e,t,t,i, ,c,o,o,l, ,w,o,u,l,d, ,s,a,y
d,e,f,i,n,i,t, ,t,u,r,n, ,d,o,u,b,t, ,b,a,c,k, ,u,n,l,e,s,s, ,s,o,m,e,o,n, ,e,l,s, ,b,u,y
s,e,r,v,e,r, ,g,r,e,a,t, ,j,o,b, ,h,a,n,d,l, ,l,a,r,g, ,r,o,w,d,i, ,t,a,b,l
f,i,n,d, ,w,a,s,t, ,f,o,o,d, ,d,e,s,p,i,c, ,f,o,o,d
w,i,f,e, ,l,o,b,s,t,e,r, ,b,i,s,q,u, ,s,o,u,p, ,l,u,k,e,w,a,r,m
w,o,u,l,d, ,c,o,m,e, ,b,a,c,k, ,s,u,s,h,i, ,c,r,a,v,e, ,v,e,g,a
s,t,a,f,f, ,g,r,e,a,t, ,a,m,b,i,a,n,c, ,g,r,e,a,t
d,e,s,e,r,v, ,s,t,a,r
l,e,f,t, ,s,t,o,m,a,c,h, ,a,c,h, ,f,e,l,t, ,s,i,c,k, ,r,e,s,t, ,d,a,y
d,r,o,p, ,b,a,l,l
d,i,n,e, ,s,p,a,c,e, ,t,i,n,i, ,e,l,e,g,a,n,t,l,i, ,d,e,c,o,r, ,c,o,m,f,o,r,t
c,u,s,t,o,m, ,o,r,d,e,r, ,w,a,y, ,l,i,k,e, ,u,s,u,a,l, ,e,g,g,p,l,a,n,t, ,g,r,e,e,n, ,b,e,a,n, ,s,t,i,r, ,f,r,i, ,l,o,v,e
b,e,a,n, ,r,i,c,e, ,m,e,d,i,o,c,r, ,b,e,s,t
b,e,s,t, ,t,a,c,o, ,t,o,w,n, ,f,a,r
t,o,o,k, ,b,a,c,k, ,m,o,n,e,y, ,g,o,t, ,o,u,t,t,a
i,n,t,e,r,e,s,t, ,p,a,r,t, ,t,o,w,n, ,p,l,a,c,e, ,a,m,a,z
r,u,d,e, ,i,n,c,o,n,s,i,d,e,r, ,m,a,n,a,g
s,t,a,f,f, ,f,r,i,e,n,d,l,i, ,w,a,i,t, ,t,i,m,e, ,s,e,r,v, ,h,o,r,r,i,b,l, ,o,n,e, ,e,v,e,n, ,s,a,y, ,h,i, ,f,i,r,s,t, ,m,i,n,u,t
b,a,c,k
g,r,e,a,t, ,d,i,n,n,e,r
s,e,r,v,i,c, ,o,u,t,s,h,i,n, ,d,e,f,i,n,i,t, ,r,e,c,o,m,m,e,n,d, ,h,a,l,i,b,u,t
f,o,o,d, ,t,e,r,r,i,b,l
n,e,v,e,r, ,e,v,e,r, ,g,o, ,b,a,c,k, ,t,o,l,d, ,m,a,n,i, ,p,e,o,p,l, ,h,a,p,p,e,n
r,e,c,o,m,m,e,n,d, ,u,n,l,e,s,s, ,c,a,r, ,b,r,e,a,k, ,f,r,o,n,t, ,s,t,a,r,v
c,o,m,e, ,b,a,c,k, ,e,v,e,r,i, ,t,i,m,e, ,v,e,g,a
p,l,a,c,e, ,d,e,s,e,r,v, ,o,n,e, ,s,t,a,r, ,f,o,o,d
d,i,s,g,r,a,c
d,e,f, ,c,o,m,e, ,b,a,c,k, ,b,o,w,l, ,n,e,x,t, ,t,i,m,e
w,a,n,t, ,h,e,a,l,t,h,i, ,a,u,t,h,e,n,t, ,e,t,h,i,c, ,f,o,o,d, ,t,r,i, ,p,l,a,c,e
c,o,n,t,i,n,u, ,c,o,m,e, ,l,a,d,i, ,n,i,g,h,t, ,a,n,d,d,d,d, ,d,a,t,e, ,n,i,g,h,t, ,h,i,g,h,l,i, ,r,e,c,o,m,m,e,n,d, ,p,l,a,c,e, ,a,n,y,o,n, ,a,r,e,a
s,e,v,e,r, ,t,i,m,e, ,p,a,s,t, ,e,x,p,e,r,i, ,a,l,w,a,y, ,g,r,e,a,t
w,a,l,k, ,a,w,a,y, ,s,t,u,f, ,h,a,p,p,i, ,f,i,r,s,t, ,v,e,g,a, ,b,u,f,f,e,t, ,e,x,p,e,r,i
s,e,r,v,i,c, ,e,x,c,e,l, ,p,r,i,c,e, ,p,r,e,t,t,i, ,r,e,a,s,o,n, ,c,o,n,s,i,d, ,v,e,g,a, ,l,o,c,a,t, ,i,n,s,i,d, ,c,r,y,s,t,a,l, ,s,h,o,p, ,m,a,l,l, ,a,r,i,a
s,u,m,m,a,r, ,f,o,o,d, ,i,n,c,r,e,d, ,n,a,y, ,t,r,a,n,s,c,e,n,d, ,n,o,t,h, ,b,r,i,n,g, ,j,o,y, ,q,u,i,t, ,l,i,k,e, ,m,e,m,o,r,i, ,p,n,e,u,m,a,t, ,c,o,n,d,i,m,e,n,t, ,d,i,s,p,e,n,s
p,r,o,b,a,b,l, ,o,n,e, ,p,e,o,p,l, ,e,v,e,r, ,g,o, ,i,a,n, ,l,i,k,e
k,i,d, ,p,i,z,z,a, ,a,l,w,a,y, ,h,i,t, ,l,o,t, ,g,r,e,a,t, ,s,i,d,e, ,d,i,s,h, ,o,p,t,i,o,n, ,k,i,d,d,o
s,e,r,v,i,c, ,p,e,r,f,e,c,t, ,f,a,m,i,l,i, ,a,t,m,o,s,p,h,e,r, ,n,i,c,e, ,s,e,e
c,o,o,k, ,p,e,r,f,e,c,t, ,s,e,r,v,i,c, ,i,m,p,e,c,c
o,n,e, ,s,i,m,p,l,i, ,d,i,s,a,p,p,o,i,n,t
o,v,e,r,a,l, ,d,i,s,a,p,p,o,i,n,t, ,q,u,a,l,i,t,i, ,f,o,o,d, ,b,o,u,c,h,o,n
a,c,c,o,u,n,t, ,k,n,o,w, ,g,e,t, ,s,c,r,e,w
g,r,e,a,t, ,p,l,a,c,e, ,e,a,t, ,r,e,m,i,n,d, ,l,i,t,t,l, ,m,o,m, ,p,o,p, ,s,h,o,p, ,s,a,n, ,f,r,a,n,c,i,s,c,o, ,b,a,y, ,a,r,e,a
t,o,d,a,y, ,f,i,r,s,t, ,t,a,s,t, ,b,u,l,d,o,g,i, ,g,o,u,r,m,e,t, ,h,o,t, ,d,o,g, ,t,e,l,l, ,e,v,e,r, ,t,h,o,u,g,h,t, ,p,o,s,s,i,b,l
l,e,f,t, ,f,r,u,s,t,r,a,t
d,e,f,i,n,i,t, ,s,o,o,n
f,o,o,d, ,r,e,a,l,l,i, ,g,o,o,d, ,g,o,t, ,f,u,l,l, ,p,e,t,t,i, ,f,a,s,t
s,e,r,v,i,c, ,f,a,n,t,a,s,t
t,o,t,a,l, ,w,a,s,t, ,t,i,m,e
k,n,o,w, ,k,i,n,d, ,b,e,s,t, ,i,c,e, ,t,e,a
c,o,m,e, ,h,u,n,g,r,i, ,l,e,a,v, ,h,a,p,p,i, ,s,t,u,f
s,e,r,v,i,c, ,g,i,v,e, ,s,t,a,r
a,s,s,u,r, ,d,i,s,a,p,p,o,i,n,t
t,a,k,e, ,l,i,t,t,l, ,b,a,d, ,s,e,r,v,i,c, ,f,o,o,d, ,s,u,c,k
g,a,v,e, ,t,r,i, ,e,a,t, ,c,r,u,s,t, ,t,e,e,t,h, ,s,t,i,l,l, ,s,o,r,e
c,o,m,p,l,e,t, ,g,r,o,s,s
r,e,a,l,l,i, ,e,n,j,o,y, ,e,a,t
f,i,r,s,t, ,t,i,m,e, ,g,o, ,t,h,i,n,k, ,q,u,i,c,k,l,i, ,b,e,c,o,m, ,r,e,g,u,l,a,r
s,e,r,v,e,r, ,n,i,c,e, ,e,v,e,n, ,t,h,o,u,g,h, ,l,o,o,k, ,l,i,t,t,l, ,o,v,e,r,w,h,e,l,m, ,n,e,e,d, ,s,t,a,y, ,p,r,o,f,e,s,s,i,o,n, ,f,r,i,e,n,d,l,i, ,e,n,d
d,i,n,n,e,r, ,c,o,m,p,a,n,i,o,n, ,t,o,l,d, ,e,v,e,r,y,t,h, ,f,r,e,s,h, ,n,i,c,e, ,t,e,x,t,u,r, ,t,a,s,t
g,r,o,u,n,d, ,r,i,g,h,t, ,n,e,x,t, ,t,a,b,l, ,l,a,r,g, ,s,m,e,a,r, ,s,t,e,p, ,t,r,a,c,k, ,e,v,e,r,y,w,h,e,r, ,p,i,l,e, ,g,r,e,e,n, ,b,i,r,d, ,p,o,o,p
f,u,r,t,h,e,r,m,o,r, ,e,v,e,n, ,f,i,n,d, ,h,o,u,r, ,o,p,e,r, ,w,e,b,s,i,t
t,r,i, ,l,i,k,e, ,p,l,a,c,e, ,t,i,m,e, ,t,h,i,n,k, ,d,o,n,e
m,i,s,t,a,k
c,o,m,p,l,a,i,n,t
s,e,r,i,o,u,s, ,g,o,o,d, ,p,i,z,z,a, ,e,x,p,e,r,t, ,c,o,n,n,i,s,s,e,u,r, ,t,o,p,i,c
w,a,i,t,e,r, ,j,e,r,k
s,t,r,i,k,e, ,w,a,n,t, ,r,u,s,h
n,i,c,e,s,t, ,r,e,s,t,a,u,r, ,o,w,n,e,r, ,e,v,e,r, ,c,o,m,e, ,a,c,r,o,s,s
n,e,v,e,r, ,c,o,m,e
l,o,v,e, ,b,i,s,c,u,i,t
s,e,r,v,i,c, ,q,u,i,c,k, ,f,r,i,e,n,d,l,i
o,r,d,e,r, ,a,p,p,e,t, ,t,o,o,k, ,m,i,n,u,t, ,p,i,z,z,a, ,a,n,o,t,h, ,m,i,n,u,t
a,b,s,o,l,u,t,l,e,y, ,f,a,n,t,a,s,t
h,u,g,e, ,a,w,k,w,a,r,d, ,l,b, ,p,i,e,c, ,c,o,w, ,t,h, ,g,r,i,s,t,l, ,f,a,t
d,e,f,i,n,i,t, ,c,o,m,e, ,b,a,c,k
l,i,k,e, ,s,t,e,i,n,e,r, ,d,a,r,k, ,f,e,e,l, ,l,i,k,e, ,b,a,r
w,o,w, ,s,p,i,c,i, ,d,e,l,i,c,i
f,a,m,i,l,i,a,r, ,c,h,e,c,k
t,a,k,e, ,b,u,s,i, ,d,i,n,n,e,r, ,d,o,l,l,a,r, ,e,l,s,e,w,h,e,r
l,o,v,e, ,g,o, ,b,a,c,k
a,n,y,w,a,y, ,f,s, ,r,e,s,t,a,u,r, ,w,o,n,d,e,r, ,b,r,e,a,k,f,a,s,t, ,l,u,n,c,h
n,o,t,h, ,s,p,e,c,i,a,l
d,a,y, ,w,e,e,k, ,d,i,f,f,e,r, ,d,e,a,l, ,d,e,l,i,c,i
m,e,n,t,i,o,n, ,c,o,m,b,i,n, ,p,e,a,r, ,a,l,m,o,n,d, ,b,a,c,o,n, ,b,i,g, ,w,i,n,n,e,r
b,a,c,k
s,a,u,c, ,t,a,s,t,e,l,e,s,s
f,o,o,d, ,d,e,l,i,c,i, ,s,p,i,c,i, ,e,n,o,u,g,h, ,s,u,r,e, ,a,s,k, ,s,p,i,c,i,e,r, ,p,r,e,f,e,r, ,w,a,y
r,i,b,e,y, ,s,t,e,a,k, ,c,o,o,k, ,p,e,r,f,e,c,t,l,i, ,g,r,e,a,t, ,m,e,s,q,u,i,t, ,f,l,a,v,o,r
t,h,i,n,k, ,g,o, ,b,a,c,k, ,a,n,y,t,i,m, ,s,o,o,n
f,o,o,d, ,g,o,o,o,d,d
f,a,r, ,s,u,s,h,i, ,c,o,n,n,o,i,s,s,e,u,r, ,d,e,f,i,n,i,t, ,t,e,l,l, ,d,i,f,f,e,r, ,g,o,o,d, ,f,o,o,d, ,b,a,d, ,f,o,o,d, ,c,e,r,t,a,i,n,l,i, ,b,a,d, ,f,o,o,d
i,n,s,u,l,t
l,a,s,t, ,t,i,m,e, ,l,u,n,c,h, ,b,a,d
c,h,i,c,k,e,n, ,w,i,n,g, ,c,o,n,t,a,i,n, ,d,r,i,e,s,t, ,c,h,i,c,k,e,n, ,m,e,a,t, ,e,v,e,r, ,e,a,t,e,n
f,o,o,d, ,g,o,o,d, ,e,n,j,o,y, ,e,v,e,r,i, ,m,o,u,t,h, ,e,n,j,o,y, ,r,e,l,a,x, ,v,e,n,u, ,c,o,u,p,l, ,s,m,a,l,l, ,f,a,m,i,l,i, ,g,r,o,u,p, ,e,t,c
n,a,r,g,i,l, ,t,h,i,n,k, ,g,r,e,a,t
b,e,s,t, ,t,a,t,e,r, ,t,o,t, ,s,o,u,t,h,w,e,s,t
l,o,v,e, ,p,l,a,c,e
d,e,f,i,n,i,t, ,w,o,r,t,h, ,p,a,i,d
v,a,n,i,l,l,a, ,i,c,e, ,c,r,e,a,m, ,c,r,e,a,m,i, ,s,m,o,o,t,h, ,p,r,o,f,i,t,e,r,o,l, ,c,h,o,u,x, ,p,a,s,t,r,i, ,f,r,e,s,h, ,e,n,o,u,g,h
i,m, ,a,z, ,t,i,m,e, ,n,e,w, ,s,p,o,t
m,a,n,a,g, ,w,o,r,s,t
i,n,s,i,d, ,r,e,a,l,l,i, ,q,u,i,t, ,n,i,c,e, ,c,l,e,a,n
f,o,o,d, ,o,u,t,s,t,a,n,d, ,p,r,i,c,e, ,r,e,a,s,o,n
t,h,i,n,k, ,r,u,n, ,b,a,c,k, ,c,a,r,l,i, ,a,n,y,t,i,m, ,s,o,o,n, ,f,o,o,d
d,u,e, ,f,a,c,t, ,t,o,o,k, ,m,i,n,u,t, ,a,c,k,n,o,w,l,e,d,g, ,a,n,o,t,h, ,m,i,n,u,t, ,g,e,t, ,f,o,o,d, ,k,e,p,t, ,f,o,r,g,e,t, ,t,h,i,n,g
l,o,v,e, ,m,a,r,g,a,r,i,t,a
f,i,r,s,t, ,v,e,g,a, ,b,u,f,f,e,t, ,d,i,s,a,p,p,o,i,n,t
g,o,o,d, ,t,h,o,u,g,h
o,n,e, ,n,o,t,e, ,v,e,n,t,i,l, ,c,o,u,l,d, ,u,s,e, ,u,p,g,r,a,d
g,r,e,a,t, ,p,o,r,k, ,s,a,n,d,w,i,c,h
w,a,s,t, ,t,i,m,e
t,o,t,a,l, ,l,e,t,d,o,w,n, ,w,o,u,l,d, ,m,u,c,h, ,r,a,t,h,e,r, ,g,o, ,c,a,m,e,l,b,a,c,k, ,f,l,o,w,e,r, ,s,h,o,p, ,c,a,r,t,e,l, ,c,o,f,f,e
t,h,i,r,d, ,c,h,e,e,s, ,f,r,i,e,n,d, ,b,u,r,g,e,r, ,c,o,l,d
e,n,j,o,y, ,p,i,z,z,a, ,b,r,u,n,c,h
s,t,e,a,k, ,w,e,l,l, ,t,r,i,m, ,a,l,s,o, ,p,e,r,f,e,c,t,l,i, ,c,o,o,k
g,r,o,u,p, ,c,l,a,i,m, ,w,o,u,l,d, ,h,a,n,d,l, ,u,s, ,b,e,a,u,t,i
l,o,v,e
a,s,k, ,b,i,l,l, ,l,e,a,v, ,w,i,t,h,o,u,t, ,e,a,t, ,b,r,i,n,g, ,e,i,t,h,e,r
p,l,a,c,e, ,j,e,w,e,l, ,l,a, ,v,e,g,a, ,e,x,a,c,t,l,i, ,h,o,p,e, ,f,i,n,d, ,n,e,a,r,l,i, ,t,e,n, ,y,e,a,r, ,l,i,v,e
s,e,a,f,o,o,d, ,l,i,m,i,t, ,b,o,i,l, ,s,h,r,i,m,p, ,c,r,a,b, ,l,e,g, ,c,r,a,b, ,l,e,g, ,d,e,f,i,n,i,t, ,t,a,s,t, ,f,r,e,s,h
s,e,l,e,c,t, ,f,o,o,d, ,b,e,s,t
d,e,l,i,c,i, ,a,b,s,o,l,u,t, ,b,a,c,k
s,m,a,l,l, ,f,a,m,i,l,i, ,r,e,s,t,a,u,r, ,f,i,n,e, ,d,i,n,e, ,e,s,t,a,b,l,i,s,h
t,o,r,o, ,t,a,r,t,a,r, ,c,a,v,i,e,r, ,e,x,t,r,a,o,r,d,i,n,a,r,i, ,l,i,k,e, ,t,h,i,n,l,i, ,s,l,i,c,e, ,w,a,g,y,u, ,w,h,i,t,e, ,t,r,u,f,f,l
d,o,n,t, ,t,h,i,n,k, ,b,a,c,k, ,l,o,n,g, ,t,i,m,e
a,t,t,a,c,h, ,g,a, ,s,t,a,t,i,o,n, ,r,a,r,e, ,g,o,o,d, ,s,i,g,n
a,w,e,s,o,m
b,a,c,k, ,m,a,n,i, ,t,i,m,e, ,s,o,o,n
m,e,n,u, ,m,u,c,h, ,g,o,o,d, ,s,t,u,f,f, ,c,o,u,l,d, ,d,e,c,i,d
w,o,r,s, ,h,u,m,i,l,i, ,w,o,r,k,e,r, ,r,i,g,h,t, ,f,r,o,n,t, ,b,u,n,c,h, ,h,o,r,r,i,b,l, ,n,a,m,e, ,c,a,l,l
c,o,n,c,l,u,s, ,f,i,l,l, ,m,e,a,l
d,a,i,l,i, ,s,p,e,c,i,a,l, ,a,l,w,a,y, ,h,i,t, ,g,r,o,u,p
t,r,a,g,e,d,i, ,s,t,r,u,c,k
p,a,n,c,a,k, ,a,l,s,o, ,r,e,a,l,l,i, ,g,o,o,d, ,p,r,e,t,t,i, ,l,a,r,g
f,i,r,s,t, ,c,r,a,w,f,i,s,h, ,e,x,p,e,r,i, ,d,e,l,i,c,i
m,o,n,s,t,e,r, ,c,h,i,c,k,e,n, ,f,r,i, ,s,t,e,a,k, ,e,g,g, ,t,i,m,e, ,f,a,v,o,r,i,t
w,a,i,t,r,e,s,s, ,s,w,e,e,t, ,f,u,n,n,i
a,l,s,o, ,t,a,s,t, ,m,o,m, ,m,u,l,t,i, ,g,r,a,i,n, ,p,u,m,p,k,i,n, ,p,a,n,c,a,k, ,p,e,c,a,n, ,b,u,t,t,e,r, ,a,m,a,z, ,f,l,u,f,f,i, ,d,e,l,i,c,i
r,a,t,h,e,r, ,e,a,t, ,a,i,r,l,i,n, ,f,o,o,d, ,s,e,r,i,o,u,s
c,a,n,t, ,s,a,y, ,e,n,o,u,g,h, ,g,o,o,d, ,t,h,i,n,g, ,p,l,a,c,e
a,m,b,i,a,n,c, ,i,n,c,r,e,d
w,a,i,t,r,e,s,s, ,m,a,n,a,g, ,f,r,i,e,n,d,l,i
w,o,u,l,d, ,r,e,c,o,m,m,e,n,d, ,p,l,a,c,e
o,v,e,r,a,l, ,i,m,p,r,e,s,s, ,n,o,c,a
g,y,r,o, ,b,a,s,i,c, ,l,e,t,t,u,c
t,e,r,r,i,b,l, ,s,e,r,v,i,c
t,h,o,r,o,u,g,h,l,i, ,d,i,s,a,p,p,o,i,n,t
m,u,c,h, ,p,a,s,t,a, ,l,o,v,e, ,h,o,m,e,m,a,d, ,h,a,n,d, ,m,a,d,e, ,p,a,s,t,a, ,t,h,i,n, ,p,i,z,z,a
g,i,v,e, ,t,r,i, ,h,a,p,p,i
f,a,r, ,b,e,s,t, ,c,h,e,e,s,e,c,u,r,d, ,e,v,e,r
r,e,a,s,o,n, ,p,r,i,c,e, ,a,l,s,o
e,v,e,r,y,t,h, ,p,e,r,f,e,c,t, ,n,i,g,h,t
f,o,o,d, ,g,o,o,d, ,t,y,p,i,c, ,b,a,r, ,f,o,o,d
d,r,i,v,e, ,g,e,t
f,i,r,s,t, ,g,l,a,n,c, ,l,o,v,e, ,b,a,k,e,r,i, ,c,a,f,e, ,n,i,c,e, ,a,m,b,i,a,n,c, ,c,l,e,a,n, ,f,r,i,e,n,d,l,i, ,s,t,a,f,f
a,n,y,w,a,y, ,t,h,i,n,k, ,g,o, ,b,a,c,k
p,o,i,n,t, ,f,i,n,g,e,r, ,i,t,e,m, ,m,e,n,u, ,o,r,d,e,r, ,d,i,s,a,p,p,o,i,n,t
o,h, ,t,h,i,n,g, ,b,e,a,u,t,i, ,r,e,s,t,a,u,r
g,o,n,e, ,g,o
g,r,e,a,s,i, ,u,n,h,e,a,l,t,h,i, ,m,e,a,l
f,i,r,s,t, ,t,i,m,e, ,m,i,g,h,t, ,l,a,s,t
b,u,r,g,e,r, ,a,m,a,z
s,i,m,i,l,a,r,l,i, ,d,e,l,i,v,e,r,i, ,m,a,n, ,s,a,y, ,w,o,r,d, ,a,p,o,l,o,g, ,f,o,o,d, ,m,i,n,u,t, ,l,a,t,e
w,a,y, ,e,x,p,e,n,s
s,u,r,e, ,o,r,d,e,r, ,d,e,s,s,e,r,t, ,e,v,e,n, ,n,e,e,d, ,p,a,c,k, ,g,o, ,t,i,r,a,m,i,s,u, ,c,a,n,n,o,l,i, ,d,i,e
f,i,r,s,t, ,t,i,m,e, ,w,a,i,t, ,n,e,x,t
b,a,r,t,e,n,d, ,a,l,s,o, ,n,i,c,e
e,v,e,r,y,t,h, ,g,o,o,d, ,t,a,s,t,i
p,l,a,c,e, ,t,w,o, ,t,h,u,m,b, ,w,a,y
b,e,s,t, ,p,l,a,c,e, ,v,e,g,a, ,b,r,e,a,k,f,a,s,t, ,c,h,e,c,k, ,s,a,t, ,s,u,n
l,o,v,e, ,a,u,t,h,e,n,t, ,m,e,x,i,c,a,n, ,f,o,o,d, ,w,a,n,t, ,w,h,o,l,e, ,b,u,n,c,h, ,i,n,t,e,r,e,s,t, ,y,e,t, ,d,e,l,i,c,i, ,m,e,a,t, ,c,h,o,o,s, ,n,e,e,d, ,t,r,i, ,p,l,a,c,e
t,e,r,r,i,b,l, ,m,a,n,a,g
e,x,c,e,l, ,n,e,w, ,r,e,s,t,a,u,r, ,e,x,p,e,r,i,e,n,c, ,f,r,e,n,c,h,m,a,n
z,e,r,o, ,s,t,a,r, ,w,o,u,l,d, ,g,i,v,e, ,z,e,r,o, ,s,t,a,r
g,r,e,a,t, ,s,t,e,a,k, ,g,r,e,a,t, ,s,i,d,e, ,g,r,e,a,t, ,w,i,n,e, ,a,m,a,z, ,d,e,s,s,e,r,t
w,o,r,s,t, ,m,a,r,t,i,n,i, ,e,v,e,r
s,t,e,a,k, ,s,h,r,i,m,p, ,o,p,i,n,i,o,n, ,b,e,s,t, ,e,n,t,r,e, ,g,c
o,p,p,o,r,t,u,n, ,t,o,d,a,y, ,s,a,m,p,l, ,a,m,a,z, ,p,i,z,z,a
w,a,i,t, ,t,h,i,r,t,i, ,m,i,n,u,t, ,s,e,a,t, ,a,l,t,h,o,u,g,h, ,v,a,c,a,n,t, ,t,a,b,l, ,f,o,l,k, ,w,a,i,t
y,e,l,l,o,w,t,a,i,l, ,c,a,r,p,a,c,c,i,o, ,m,e,l,t, ,m,o,u,t,h, ,f,r,e,s,h
t,r,i, ,g,o, ,b,a,c,k, ,e,v,e,n, ,e,m,p,t,i
g,o, ,e,a,t, ,p,o,t,a,t,o, ,f,o,u,n,d, ,s,t,r,a,n,g,e,r, ,h,a,i,r
s,p,i,c,i, ,e,n,o,u,g,h, ,p,e,r,f,e,c,t, ,a,c,t,u,a,l
l,a,s,t, ,n,i,g,h,t, ,s,e,c,o,n,d, ,t,i,m,e, ,d,i,n,e, ,h,a,p,p,i, ,d,e,c,i,d, ,g,o, ,b,a,c,k
e,v,e,n, ,h,e,l,l,o, ,r,i,g,h,t
d,e,s,s,e,r,t, ,b,i,t, ,s,t,r,a,n,g
b,o,y,f,r,i,e,n,d, ,c,a,m,e, ,f,i,r,s,t, ,t,i,m,e, ,r,e,c,e,n,t, ,t,r,i,p, ,v,e,g,a, ,c,o,u,l,d, ,p,l,e,a,s, ,q,u,a,l,i,t,i, ,f,o,o,d, ,s,e,r,v,i,c
r,e,a,l,l,i, ,r,e,c,o,m,m,e,n,d, ,p,l,a,c,e, ,g,o, ,w,r,o,n,g, ,d,o,n,u,t, ,p,l,a,c,e
n,i,c,e, ,a,m,b,i,a,n,c
w,o,u,l,d, ,r,e,c,o,m,m,e,n,d, ,s,a,v,e, ,r,o,o,m
g,u,e,s,s, ,m,a,y,b, ,w,e,n,t, ,n,i,g,h,t, ,d,i,s,g,r,a,c
h,o,w,e,v, ,r,e,c,e,n,t, ,e,x,p,e,r,i, ,p,a,r,t,i,c,u,l,a,r, ,l,o,c,a,t, ,g,o,o,d
k,n,o,w, ,l,i,k,e, ,r,e,s,t,a,u,r, ,s,o,m,e,t,h
a,v,o,i,d, ,e,s,t,a,b,l,i,s,h
t,h,i,n,k, ,r,e,s,t,a,u,r, ,s,u,f,f,e,r, ,t,r,i, ,h,a,r,d, ,e,n,o,u,g,h
t,a,p,a, ,d,i,s,h, ,d,e,l,i,c,i
h,e,a,r,t, ,p,l,a,c,e
s,a,l,a,d, ,b,l,a,n,d, ,v,i,n,e,g,r,e,t,t, ,b,a,b,i, ,g,r,e,e,n, ,h,e,a,r,t, ,p,a,l,m
t,w,o, ,f,e,l,t, ,d,i,s,g,u,s,t
g,o,o,d, ,t,i,m,e
b,e,l,i,e,v, ,p,l,a,c,e, ,g,r,e,a,t, ,s,t,o,p, ,h,u,g,e, ,b,e,l,l,i, ,h,a,n,k,e,r, ,s,u,s,h,i
g,e,n,e,r, ,p,o,r,t,i,o,n, ,g,r,e,a,t, ,t,a,s,t
n,e,v,e,r, ,g,o, ,b,a,c,k, ,p,l,a,c,e, ,n,e,v,e,r, ,e,v,e,r, ,r,e,c,o,m,m,e,n,d, ,p,l,a,c,e, ,a,n,y,o,n
s,e,r,v,e,r, ,w,e,n,t, ,b,a,c,k, ,f,o,r,t,h, ,s,e,v,e,r, ,t,i,m,e, ,e,v,e,n, ,m,u,c,h, ,h,e,l,p
f,o,o,d, ,d,e,l,i,c,i
h,o,u,r, ,s,e,r,i,o,u,s
c,o,n,s,i,d, ,t,h,e,f,t
e,e,w, ,l,o,c,a,t, ,n,e,e,d, ,c,o,m,p,l,e,t, ,o,v,e,r,h,a,u,l
r,e,c,e,n,t, ,w,i,t, ,p,o,o,r, ,q,u,a,l,i,t,i, ,m,a,n,a,g, ,t,o,w,a,r,d, ,g,u,e,s,t, ,w,e,l,l
w,a,i,t, ,w,a,i,t, ,w,a,i,t
a,l,s,o, ,c,a,m,e, ,b,a,c,k, ,c,h,e,c,k, ,u,s, ,r,e,g,u,l,a,r,l,i, ,e,x,c,e,l, ,s,e,r,v,i,c
s,e,r,v,e,r, ,s,u,p,e,r, ,n,i,c,e, ,c,h,e,c,k, ,u,s, ,m,a,n,i, ,t,i,m,e
p,i,z,z,a, ,t,a,s,t, ,o,l,d, ,s,u,p,e,r, ,c,h,e,w,i, ,g,o,o,d, ,w,a,y
s,w,u,n,g, ,g,i,v,e, ,t,r,i, ,d,e,e,p,l,i, ,d,i,s,a,p,p,o,i,n,t
s,e,r,v,i,c, ,g,o,o,d, ,c,o,m,p,a,n,i, ,b,e,t,t,e,r
s,t,a,f,f, ,a,l,s,o, ,f,r,i,e,n,d,l,i, ,e,f,f,i,c,i
s,e,r,v,i,c, ,f,a,n, ,q,u,i,c,k, ,s,e,r,v, ,n,i,c,e, ,f,o,l,k
b,o,y, ,s,u,c,k,e,r, ,d,r,i
r,a,t,e
l,o,o,k, ,a,u,t,h,e,n,t, ,t,h,a,i, ,f,o,o,d, ,g,o, ,e,l,s
s,t,e,a,k, ,r,e,c,o,m,m,e,n,d
p,u,l,l, ,c,a,r, ,w,a,i,t, ,a,n,o,t,h, ,m,i,n,u,t, ,a,c,k,n,o,w,l,e,d,g
g,r,e,a,t, ,f,o,o,d, ,g,r,e,a,t, ,s,e,r,v,i,c, ,c,l,e,a,n, ,f,r,i,e,n,d,l,i, ,s,e,t
a,s,s,u,r, ,b,a,c,k
h,a,t,e, ,t,h,i,n,g, ,m,u,c,h, ,c,h,e,a,p, ,q,u,a,l,i,t,i, ,b,l,a,c,k, ,o,l,i,v
b,r,e,a,k,f,a,s,t, ,p,e,r,p,a,r, ,g,r,e,a,t, ,b,e,a,u,t,i, ,p,r,e,s,e,n,t, ,g,i,a,n,t, ,s,l,i,c,e, ,t,o,a,s,t, ,l,i,g,h,t,l,i, ,d,u,s,t, ,p,o,w,d,e,r, ,s,u,g,a,r
k,i,d, ,p,l,a,y, ,a,r,e,a, ,n,a,s,t,i
g,r,e,a,t, ,p,l,a,c,e, ,f,o, ,t,a,k,e, ,e,a,t
w,a,i,t,r,e,s,s, ,f,r,i,e,n,d,l,i, ,h,a,p,p,i, ,a,c,c,o,m,o,d, ,v,e,g,a,n, ,v,e,g,g,i, ,o,p,t,i,o,n
o,m,g, ,f,e,l,t, ,l,i,k,e, ,n,e,v,e,r, ,e,a,t,e,n, ,t,h,a,i, ,f,o,o,d, ,d,i,s,h
e,x,t,r,e,m, ,c,r,u,m,b,i, ,p,r,e,t,t,i, ,t,a,s,t,e,l,e,s,s
p,a,l,e, ,c,o,l,o,r, ,i,n,s,t,e,a,d, ,n,i,c,e, ,c,h,a,r, ,f,l,a,v,o,r
c,r,o,u,t,o,n, ,a,l,s,o, ,t,a,s,t, ,h,o,m,e,m,a,d, ,e,x,t,r,a, ,p,l,u
g,o,t, ,h,o,m,e, ,s,e,e, ,d,r,i,e,s,t, ,d,a,m,n, ,w,i,n,g, ,e,v,e,r
r,e,g,u,l,a,r, ,s,t,o,p, ,t,r,i,p, ,p,h,o,e,n,i,x
r,e,a,l,l,i, ,e,n,j,o,y, ,c,r,e,m,a, ,c,a,f, ,e,x,p,a,n,d, ,e,v,e,n, ,t,o,l,d, ,f,r,i,e,n,d, ,b,e,s,t, ,b,r,e,a,k,f,a,s,t
g,o,o,d, ,m,o,n,e,y
m,i,s,s, ,w,i,s,h, ,o,n,e, ,p,h,i,l,a,d,e,l,p,h,i,a
g,o,t, ,s,i,t, ,f,a,i,r,l,i, ,f,a,s,t, ,e,n,d, ,w,a,i,t, ,m,i,n,u,t, ,p,l,a,c,e, ,o,r,d,e,r, ,a,n,o,t,h, ,m,i,n,u,t, ,f,o,o,d, ,a,r,r,i,v
a,l,s,o, ,b,e,s,t, ,c,h,e,e,s, ,c,r,i,s,p, ,t,o,w,n
g,o,o,d, ,v,a,l,u, ,g,r,e,a,t, ,f,o,o,d, ,g,r,e,a,t, ,s,e,r,v,i,c
a,s,k, ,s,a,t,i,s,f,i, ,m,e,a,l
f,o,o,d, ,g,o,o,d
a,w,e,s,o,m
w,a,n,t, ,l,e,a,v
m,a,d,e, ,d,r,i,v,e, ,w,a,y, ,n,o,r,t,h, ,s,c,o,t,t,s,d,a,l, ,o,n,e, ,b,i,t, ,d,i,s,a,p,p,o,i,n,t
e,a,t
o,w,n,e,r, ,r,e,a,l,l,i, ,r,e,a,l,l,i, ,n,e,e,d, ,q,u,i,t, ,s,o,o,o,o,o,o, ,c,h,e,a,p, ,l,e,t, ,w,r,a,p, ,f,r,e,a,k, ,s,a,n,d,w,i,c,h, ,t,w,o, ,p,a,p,e,r, ,o,n,e
c,h,e,c,k, ,p,l,a,c,e, ,c,o,u,p,l, ,y,e,a,r, ,a,g,o, ,i,m,p,r,e,s,s
c,h,i,c,k,e,n, ,g,o,t, ,d,e,f,i,n,i,t, ,r,e,h,e,a,t, ,o,k, ,w,e,d,g, ,c,o,l,d, ,s,o,g,g,i
s,o,r,r,i, ,g,e,t, ,f,o,o,d, ,a,n,y,t,i,m, ,s,o,o,n
a,b,s,o,l,u,t, ,m,u,s,t, ,v,i,s,i,t
c,o,w, ,t,o,n,g,u, ,c,h,e,e,k, ,t,a,c,o, ,a,m,a,z
f,r,i,e,n,d, ,l,i,k,e, ,b,l,o,o,d,i, ,m,a,r,i
d,e,s,p,i,t, ,h,a,r,d, ,r,a,t,e, ,b,u,s,i, ,a,c,t,u,a,l, ,r,a,r,e, ,g,i,v,e, ,s,t,a,r
r,e,a,l,l,i, ,w,a,n,t, ,m,a,k,e, ,e,x,p,e,r,i, ,g,o,o,d, ,o,n,e
r,e,t,u,r,n
c,h,i,c,k,e,n, ,p,h,o, ,t,a,s,t, ,b,l,a,n,d
d,i,s,a,p,p,o,i,n,t
g,r,i,l,l, ,c,h,i,c,k,e,n, ,t,e,n,d,e,r, ,y,e,l,l,o,w, ,s,a,f,f,r,o,n, ,s,e,a,s,o,n
d,r,i,v,e, ,t,h,r,u, ,m,e,a,n, ,w,a,n,t, ,w,a,i,t, ,a,r,o,u,n,d, ,h,a,l,f, ,h,o,u,r, ,f,o,o,d, ,s,o,m,e,h,o,w, ,e,n,d, ,g,o, ,m,a,k,e, ,u,s, ,w,a,i,t, ,w,a,i,t
p,r,e,t,t,i, ,a,w,e,s,o,m, ,p,l,a,c,e
a,m,b,i,e,n,c, ,p,e,r,f,e,c,t
b,e,s,t, ,l,u,c,k, ,r,u,d,e, ,n,o,n, ,c,u,s,t,o,m, ,s,e,r,v,i,c, ,f,o,c,u,s, ,n,e,w, ,m,a,n,a,g
g,r,a,n,d,m,o,t,h, ,m,a,k,e, ,r,o,a,s,t, ,c,h,i,c,k,e,n, ,b,e,t,t,e,r, ,o,n,e
a,s,k, ,m,u,l,t,i,p,l, ,t,i,m,e, ,w,i,n,e, ,l,i,s,t, ,t,i,m,e, ,i,g,n,o,r, ,w,e,n,t, ,h,o,s,t,e,s,s, ,g,o,t, ,o,n,e
s,t,a,f,f, ,a,l,w,a,y, ,s,u,p,e,r, ,f,r,i,e,n,d,l,i, ,h,e,l,p, ,e,s,p,e,c,i, ,c,o,o,l, ,b,r,i,n,g, ,t,w,o, ,s,m,a,l,l, ,b,o,y, ,b,a,b,i
f,o,u,r, ,s,t,a,r, ,f,o,o,d, ,g,u,y, ,b,l,u,e, ,s,h,i,r,t, ,g,r,e,a,t, ,v,i,b,e, ,s,t,i,l,l, ,l,e,t, ,u,s, ,e,a,t
r,o,a,s,t, ,b,e,e,f, ,s,a,n,d,w,i,c,h, ,t,a,s,t, ,r,e,a,l,l,i, ,g,o,o,d
e,v,e,n, ,d,r,a,s,t,i,c, ,s,i,c,k
h,i,g,h, ,q,u,a,l,i,t,i, ,c,h,i,c,k,e,n, ,c,h,i,c,k,e,n, ,c,a,e,s,a,r, ,s,a,l,a,d
o,r,d,e,r, ,b,u,r,g,e,r, ,r,a,r,e, ,c,a,m,e, ,d,o,n,e
p,r,o,m,p,t,l,i, ,g,r,e,e,t, ,s,e,a,t
t,r,i, ,g,o, ,l,u,n,c,h, ,m,a,d,h,o,u,s
p,r,o,v,e,n, ,d,e,a,d, ,w,r,o,n,g, ,s,u,s,h,i, ,b,a,r, ,q,u,a,l,i,t,i, ,g,r,e,a,t, ,s,e,r,v,i,c, ,f,a,s,t, ,f,o,o,d, ,i,m,p,e,c,c
w,a,i,t, ,h,o,u,r, ,s,e,a,t, ,g,r,e,a,t,e,s,t, ,m,o,o,d
g,o,o,d, ,j,o,i,n,t
m,a,c,a,r,o,n, ,i,n,s,a,n, ,g,o,o,d
e,a,t
w,a,i,t,e,r, ,a,t,t,e,n,t, ,f,r,i,e,n,d,l,i, ,i,n,f,o,r,m
m,a,y,b, ,c,o,l,d, ,w,o,u,l,d, ,s,o,m,e,w,h,a,t, ,e,d,i,b,l
p,l,a,c,e, ,l,o,t, ,p,r,o,m,i,s, ,f,a,i,l, ,d,e,l,i,v
b,a,d, ,e,x,p,e,r,i
m,i,s,t,a,k
f,o,o,d, ,a,v,e,r,a,g, ,b,e,s,t
g,r,e,a,t, ,f,o,o,d
g,o, ,b,a,c,k, ,a,n,y,t,i,m, ,s,o,o,n
d,i,s,a,p,p,o,i,n,t, ,o,r,d,e,r, ,b,i,g, ,b,a,y, ,p,l,a,t,e,r
g,r,e,a,t, ,p,l,a,c,e, ,r,e,l,a,x, ,a,w,e,s,o,m, ,b,u,r,g,e,r, ,b,e,e,r
p,e,r,f,e,c,t, ,s,i,t, ,f,a,m,i,l,i, ,m,e,a,l, ,g,e,t, ,t,o,g,e,t,h, ,f,r,i,e,n,d
m,u,c,h, ,f,l,a,v,o,r, ,p,o,o,r,l,i, ,c,o,n,s,t,r,u,c,t
p,a,t,i,o, ,s,e,a,t, ,c,o,m,f,o,r,t
f,r,i, ,r,i,c,e, ,d,r,i, ,w,e,l,l
h,a,n,d, ,f,a,v,o,r,i,t, ,i,t,a,l,i,a,n, ,r,e,s,t,a,u,r
s,c,r,e,a,m, ,l,e,g,i,t, ,b,o,o,k, ,s,o,m,e,t,h,a,t, ,a,l,s,o, ,p,r,e,t,t,i, ,r,a,r,e, ,v,e,g,a
f,u,n, ,e,x,p,e,r,i
a,t,m,o,s,p,h,e,r, ,g,r,e,a,t, ,l,o,v,e, ,d,u,o, ,v,i,o,l,i,n,i,s,t, ,p,l,a,y, ,s,o,n,g, ,r,e,q,u,e,s,t
p,e,r,s,o,n, ,l,o,v,e, ,h,u,m,m,u, ,p,i,t,a, ,b,a,k,l,a,v,a, ,f,a,l,a,f,e,l, ,b,a,b,a, ,g,a,n,o,u,s,h, ,a,m,a,z, ,e,g,g,p,l,a,n,t
c,o,n,v,e,n,i, ,s,i,n,c, ,s,t,a,y, ,m,g,m
o,w,n,e,r, ,s,u,p,e,r, ,f,r,i,e,n,d,l,i, ,s,t,a,f,f, ,c,o,u,r,t,e,o,u
g,r,e,a,t
e,c,l,e,c,t, ,s,e,l,e,c,t
s,w,e,e,t, ,p,o,t,a,t,o, ,t,o,t, ,g,o,o,d, ,o,n,i,o,n, ,r,i,n,g, ,p,e,r,f,e,c,t, ,c,l,o,s,e
s,t,a,f,f, ,a,t,t,e,n,t
c,h,e,f, ,g,e,n,e,r, ,t,i,m,e, ,e,v,e,n, ,c,a,m,e, ,a,r,o,u,n,d, ,t,w,i,c,e, ,t,a,k,e, ,p,i,c,t,u,r
o,w,n,e,r, ,u,s,e, ,w,o,r,k, ,n,o,b,u, ,p,l,a,c,e, ,r,e,a,l,l,i, ,s,i,m,i,l,a,r, ,h,a,l,f, ,p,r,i,c,e
g,o,o,g,l, ,m,e,d,i,o,c,r, ,i,m,a,g,i,n, ,s,m,a,s,h,b,u,r,g, ,p,o,p
d,o,n,t, ,g,o
p,r,o,m,i,s, ,d,i,s,a,p,p,o,i,n,t
s,u,s,h,i, ,l,o,v,e,r, ,a,v,o,i,d, ,p,l,a,c,e, ,m,e,a,n
g,r,e,a,t, ,d,o,u,b,l, ,c,h,e,e,s,e,b,u,r,g
a,w,e,s,o,m, ,s,e,r,v,i,c, ,f,o,o,d
f,a,n,t,a,s,t, ,n,e,i,g,h,b,o,r,h,o,o,d, ,g,e,m
w,a,i,t, ,g,o, ,b,a,c,k
p,l,a,n,t,a,i,n, ,w,o,r,s,t, ,e,v,e,r, ,t,a,s,t
g,r,e,a,t, ,p,l,a,c,e, ,h,i,g,h,l,i, ,r,e,c,o,m,m,e,n,d
s,e,r,v,i,c, ,s,l,o,w, ,a,t,t,e,n,t
g,a,v,e, ,s,t,a,r, ,g,i,v,e, ,s,t,a,r
s,t,a,f,f, ,s,p,e,n,d, ,t,i,m,e, ,t,a,l,k
d,e,s,s,e,r,t, ,p,a,n,n,a, ,c,o,t,t,a, ,a,m,a,z
g,o,o,d, ,f,o,o,d, ,g,r,e,a,t, ,a,t,m,o,s,p,h,e,r
d,a,m,n, ,g,o,o,d, ,s,t,e,a,k
t,o,t,a,l, ,b,r,u,n,c,h, ,f,a,i,l
p,r,i,c,e, ,r,e,a,s,o,n, ,f,l,a,v,o,r, ,s,p,o,t, ,s,a,u,c, ,h,o,m,e, ,m,a,d,e, ,s,l,a,w, ,d,r,e,n,c,h, ,m,a,y,o
d,e,c,o,r, ,n,i,c,e, ,p,i,a,n,o, ,m,u,s,i,c, ,s,o,u,n,d,t,r,a,c,k, ,p,l,e,a,s,a,n,t
s,t,e,a,k, ,a,m,a,z, ,r,g,e, ,f,i,l,l,e,t, ,r,e,l,l,e,n,o, ,b,e,s,t, ,s,e,a,f,o,o,d, ,p,l,a,t,e, ,e,v,e,r
g,o,o,d, ,f,o,o,d, ,g,o,o,d, ,s,e,r,v,i,c
a,b,s,o,l,u,t, ,a,m,a,z
p,r,o,b,a,b,l, ,b,a,c,k, ,h,o,n,e,s,t
d,e,f,i,n,i,t, ,b,a,c,k
s,e,r,g,e,a,n,t, ,p,e,p,p,e,r, ,b,e,e,f, ,s,a,n,d,w,i,c,h, ,a,u,j,u, ,s,a,u,c, ,e,x,c,e,l, ,s,a,n,d,w,i,c,h, ,w,e,l,l
h,a,w,a,i,i,a,n, ,b,r,e,e,z, ,m,a,n,g,o, ,m,a,g,i,c, ,p,i,n,e,a,p,p,l, ,d,e,l,i,g,h,t, ,s,m,o,o,t,h,i, ,t,r,i, ,f,a,r, ,g,o,o,d
w,e,n,t, ,l,u,n,c,h, ,s,e,r,v,i,c, ,s,l,o,w
m,u,c,h, ,s,a,y, ,p,l,a,c,e, ,w,a,l,k, ,e,x,p,e,c,t, ,a,m,a,z, ,q,u,i,c,k,l,i, ,d,i,s,a,p,p,o,i,n,t
m,o,r,t,i,f,i
n,e,e,d,l,e,s,s, ,s,a,y, ,n,e,v,e,r, ,b,a,c,k
a,n,y,w,a,y, ,f,o,o,d, ,d,e,f,i,n,i,t, ,f,i,l,l, ,p,r,i,c,e, ,p,a,y, ,e,x,p,e,c,t
c,h,i,p, ,c,a,m,e, ,d,r,i,p, ,g,r,e,a,s, ,m,o,s,t,l,i, ,e,d,i,b,l
r,e,a,l,l,i, ,i,m,p,r,e,s,s, ,s,t,r,i,p, ,s,t,e,a,k
g,o, ,s,i,n,c, ,e,v,e,r,i, ,m,e,a,l, ,a,w,e,s,o,m
s,e,r,v,e,r, ,n,i,c,e, ,a,t,t,e,n,t, ,s,e,r,v, ,s,t,a,f,f
c,a,s,h,i,e,r, ,f,r,i,e,n,d,l,i, ,e,v,e,n, ,b,r,o,u,g,h,t, ,f,o,o,d
w,o,r,k, ,h,o,s,p,i,t, ,i,n,d,u,s,t,r,i, ,p,a,r,a,d,i,s, ,v,a,l,l,e,y, ,r,e,f,r,a,i,n, ,r,e,c,o,m,m,e,n,d, ,c,i,b,o, ,l,o,n,g,e,r
a,t,m,o,s,p,h,e,r, ,f,u,n
w,o,u,l,d, ,r,e,c,o,m,m,e,n,d, ,o,t,h,e,r
s,e,r,v,i,c, ,q,u,i,c,k, ,e,v,e,n, ,g,o, ,o,r,d,e,r, ,l,i,k,e, ,l,i,k,e
m,e,a,n, ,r,e,a,l,l,i, ,g,e,t, ,f,a,m,o,u, ,f,i,s,h, ,c,h,i,p, ,t,e,r,r,i,b,l
s,a,i,d, ,m,o,u,t,h, ,b,e,l,l,i, ,s,t,i,l,l, ,q,u,i,t, ,p,l,e,a,s
t,h,i,n,g
t,h,u,m,b
r,e,a,d, ,p,l,e,a,s, ,g,o
l,o,v,e, ,g,r,i,l,l, ,p,i,z,z,a, ,r,e,m,i,n,d, ,l,e,g,i,t, ,i,t,a,l,i,a,n, ,p,i,z,z,a
p,r,o, ,l,a,r,g, ,s,e,a,t, ,a,r,e,a, ,n,i,c,e, ,b,a,r, ,a,r,e,a, ,g,r,e,a,t, ,s,i,m,p,l, ,d,r,i,n,k, ,m,e,n,u, ,b,e,s,t, ,b,r,i,c,k, ,o,v,e,n, ,p,i,z,z,a, ,h,o,m,e,m,a,d, ,d,o,u,g,h
r,e,a,l,l,i, ,n,i,c,e, ,a,t,m,o,s,p,h,e,r
t,o,n,i,g,h,t, ,e,l,k, ,f,i,l,e,t, ,s,p,e,c,i,a,l, ,s,u,c,k
o,n,e, ,b,i,t,e, ,h,o,o,k
o,r,d,e,r, ,o,l,d, ,c,l,a,s,s,i,c, ,n,e,w, ,d,i,s,h, ,g,o, ,t,i,m,e, ,s,o,r,e, ,d,i,s,a,p,p,o,i,n,t, ,e,v,e,r,y,t,h
c,u,t,e, ,q,u,a,i,n,t, ,s,i,m,p,l, ,h,o,n,e,s,t
c,h,i,c,k,e,n, ,d,e,l,i,c,i, ,s,e,a,s,o,n, ,p,e,r,f,e,c,t, ,f,r,i, ,o,u,t,s,i,d, ,m,o,i,s,t, ,c,h,i,c,k,e,n, ,i,n,s,i,d
f,o,o,d, ,g,r,e,a,t, ,a,l,w,a,y, ,c,o,m,p,l,i,m,e,n,t, ,c,h,e,f
s,p,e,c,i,a,l, ,t,h,a,n,k, ,d,y,l,a,n, ,r,e,c,o,m,m,e,n,d, ,o,r,d,e,r, ,y,u,m,m,i, ,t,u,m,m,i
a,w,e,s,o,m, ,s,e,l,e,c,t, ,b,e,e,r
g,r,e,a,t, ,f,o,o,d, ,a,w,e,s,o,m, ,s,e,r,v,i,c
o,n,e, ,n,i,c,e, ,t,h,i,n,g, ,a,d, ,g,r,a,t,u,i,t,i, ,b,i,l,l, ,s,i,n,c, ,p,a,r,t,i, ,l,a,r,g,e,r, ,e,x,p,e,c,t, ,t,i,p
f,l,i, ,a,p,p,l, ,j,u,i,c, ,f,l,i
h,a,n, ,n,a,n, ,c,h,i,c,k,e,n, ,a,l,s,o, ,t,a,s,t,i
s,e,r,v,i,c, ,t,h,o,u,g,h,t, ,g,o,o,d
f,o,o,d, ,b,a,r,e, ,l,u,k,e,w,a,r,m, ,m,u,s,t, ,s,i,t, ,w,a,i,t, ,s,e,r,v,e,r, ,b,r,i,n,g, ,u,s
r,y,a,n, ,b,a,r, ,d,e,f,i,n,i,t, ,o,n,e, ,e,d,i,n,b,u,r,g,h, ,e,s,t,a,b,l,i,s,h, ,r,e,v,i,s,i,t
n,i,c,e,s,t, ,c,h,i,n,e,s, ,r,e,s,t,a,u,r
o,v,e,r,a,l, ,l,i,k,e, ,f,o,o,d, ,s,e,r,v,i,c
a,l,s,o, ,s,e,r,v, ,i,n,d,i,a,n, ,n,a,a,n, ,b,r,e,a,d, ,h,u,m,m,u, ,s,p,i,c,i, ,p,i,n,e, ,n,u,t, ,s,a,u,c, ,w,o,r,l,d
p,r,o,b,a,b,l, ,n,e,v,e,r, ,c,o,m,e, ,b,a,c,k, ,r,e,c,o,m,m,e,n,d
f,r,i,e,n,d, ,p,a,s,t,a, ,a,l,s,o, ,b,a,d, ,b,a,r,e, ,t,o,u,c,h
t,r,i, ,a,i,r,p,o,r,t, ,e,x,p,e,r,i, ,t,a,s,t,i, ,f,o,o,d, ,s,p,e,e,d,i, ,f,r,i,e,n,d,l,i, ,s,e,r,v,i,c
l,o,v,e, ,d,e,c,o,r, ,c,h,i,n,e,s, ,c,a,l,l,i,g,r,a,p,h,i, ,w,a,l,l, ,p,a,p,e,r
n,e,v,e,r, ,a,n,y,t,h, ,c,o,m,p,l,a,i,n
r,e,s,t,a,u,r, ,c,l,e,a,n, ,f,a,m,i,l,i, ,r,e,s,t,a,u,r, ,f,e,e,l
w,a,y, ,f,r,i
s,u,r,e, ,l,o,n,g, ,s,t,o,o,d, ,l,o,n,g, ,e,n,o,u,g,h, ,b,e,g,i,n, ,f,e,e,l, ,a,w,k,w,a,r,d,l,i, ,p,l,a,c,e
o,p,e,n, ,s,a,n,d,w,i,c,h, ,i,m,p,r,e,s,s, ,g,o,o,d, ,w,a,y
b,a,c,k
w,a,r,m, ,f,e,e,l, ,s,e,r,v,i,c, ,f,e,l,t, ,l,i,k,e, ,g,u,e,s,t, ,s,p,e,c,i,a,l, ,t,r,e,a,t
e,x,t,e,n,s, ,m,e,n,u, ,p,r,o,v,i,d, ,l,o,t, ,o,p,t,i,o,n, ,b,r,e,a,k,f,a,s,t
a,l,w,a,y, ,o,r,d,e,r, ,v,e,g,e,t,a,r,i,a,n, ,m,e,n,u, ,d,i,n,n,e,r, ,w,i,d,e, ,a,r,r,a,y, ,o,p,t,i,o,n, ,c,h,o,o,s
w,a,t,c,h, ,p,r,i,c,e, ,i,n,f,l,a,t, ,p,o,r,t,i,o,n, ,g,e,t, ,s,m,a,l,l,e,r, ,m,a,n,a,g, ,a,t,t,i,t,u,d, ,g,r,o,w, ,r,a,p,i,d,l,i
w,o,n,d,e,r, ,l,i,l, ,t,a,p,a, ,a,m,b,i,e,n,c, ,m,a,d,e, ,f,e,e,l, ,w,a,r,m, ,f,u,z,z,i, ,i,n,s,i,d
g,o,t, ,e,n,j,o,y, ,s,e,a,f,o,o,d, ,s,a,l,a,d, ,f,a,b,u,l, ,v,i,n,e,g,r,e,t,t
w,o,n,t,o,n, ,t,h,i,n, ,t,h,i,c,k, ,c,h,e,w,i, ,a,l,m,o,s,t, ,m,e,l,t, ,m,o,u,t,h
l,e,v,e,l, ,s,p,i,c,i, ,p,e,r,f,e,c,t, ,s,p,i,c,e, ,w,h,e,l,m, ,s,o,u,p
s,a,t, ,r,i,g,h,t, ,t,i,m,e, ,s,e,r,v,e,r, ,g,e,t, ,g,o, ,f,a,n,t,a,s,t
m,a,i,n, ,t,h,i,n,g, ,e,n,j,o,y, ,c,r,o,w,d, ,o,l,d,e,r, ,c,r,o,w,d, ,a,r,o,u,n,d, ,m,i,d
s,i,d,e, ,t,o,w,n, ,d,e,f,i,n,i,t, ,s,p,o,t, ,h,i,t
w,a,i,t, ,m,i,n,u,t, ,g,e,t, ,d,r,i,n,k, ,l,o,n,g,e,r, ,g,e,t, ,a,r,e,p,a
g,r,e,a,t, ,p,l,a,c,e, ,e,a,t
j,a,l,a,p,e,n,o, ,b,a,c,o,n, ,s,o,o,o,o, ,g,o,o,d
s,e,r,v,i,c, ,p,o,o,r, ,t,h,a,t, ,n,i,c,e
f,o,o,d, ,g,o,o,d, ,s,e,r,v,i,c, ,g,o,o,d, ,p,r,i,c,e, ,g,o,o,d
p,l,a,c,e, ,c,l,e,a,n, ,f,o,o,d, ,o,h, ,s,t,a,l,e
c,h,i,c,k,e,n, ,d,i,s,h, ,o,k, ,b,e,e,f, ,l,i,k,e, ,s,h,o,e, ,l,e,a,t,h,e,r
s,e,r,v,i,c, ,b,e,y,o,n,d, ,b,a,d
h,a,p,p,i
t,a,s,t, ,l,i,k,e, ,d,i,r,t
o,n,e, ,p,l,a,c,e, ,p,h,o,e,n,i,x, ,w,o,u,l,d, ,d,e,f,i,n, ,g,o, ,b,a,c,k
b,l,o,c,k, ,a,m,a,z
c,l,o,s,e, ,h,o,u,s, ,l,o,w, ,k,e,y, ,n,o,n, ,f,a,n,c,i, ,a,f,f,o,r,d, ,p,r,i,c,e, ,g,o,o,d, ,f,o,o,d
h,o,t, ,s,o,u,r, ,e,g,g, ,f,l,o,w,e,r, ,s,o,u,p, ,a,b,s,o,l,u,t, ,s,t,a,r
s,a,s,h,i,m,i, ,p,o,o,r, ,q,u,a,l,i,t,i, ,s,o,g,g,i, ,t,a,s,t,e,l,e,s,s
g,r,e,a,t, ,t,i,m,e, ,f,a,m,i,l,i, ,d,i,n,n,e,r, ,s,u,n,d,a,y, ,n,i,g,h,t
f,o,o,d, ,t,a,s,t,i, ,s,a,y, ,r,e,a,l, ,t,r,a,d,i,t, ,h,u,n,a,n, ,s,t,y,l,e
b,o,t,h,e,r, ,s,l,o,w, ,s,e,r,v,i,c
f,l,a,i,r, ,b,a,r,t,e,n,d, ,a,b,s,o,l,u,t, ,a,m,a,z
f,r,o,z,e,n, ,m,a,r,g,a,r,i,t,a, ,w,a,y, ,s,u,g,a,r,i, ,t,a,s,t
g,o,o,d, ,o,r,d,e,r, ,t,w,i,c,e
n,u,t,s,h,e,l, ,r,e,s,t,a,r,a,u,n,t, ,s,m,e,l,l, ,l,i,k,e, ,c,o,m,b,i,n, ,d,i,r,t,i, ,f,i,s,h, ,m,a,r,k,e,t, ,s,e,w,e,r
g,i,r,l,f,r,i,e,n,d, ,v,e,a,l, ,b,a,d
u,n,f,o,r,t,u,n, ,g,o,o,d
p,r,e,t,t,i, ,s,a,t,i,f,i, ,e,x,p,e,r,i
j,o,i,n, ,c,l,u,b, ,g,e,t, ,a,w,e,s,o,m, ,o,f,f,e,r, ,v,i,a, ,e,m,a,i,l
p,e,r,f,e,c,t, ,s,o,m,e,o,n, ,l,i,k,e, ,b,e,e,r, ,i,c,e, ,c,o,l,d, ,c,a,s,e, ,e,v,e,n, ,c,o,l,d,e,r
b,l,a,n,d, ,f,l,a,v,o,r,l,e,s,s, ,g,o,o,d, ,w,a,y, ,d,e,s,c,r,i,b, ,b,a,r,e, ,t,e,p,i,d, ,m,e,a,t
c,h,a,i,n, ,f,a,n, ,b,e,a,t, ,p,l,a,c,e, ,e,a,s,i,l,i
n,a,c,h,o, ,m,u,s,t
c,o,m,e, ,b,a,c,k
m,a,n,i, ,w,o,r,d, ,s,a,y, ,p,l,a,c,e, ,e,v,e,r,y,t,h, ,p,r,e,t,t,i, ,w,e,l,l
s,t,a,f,f, ,s,u,p,e,r, ,n,i,c,e, ,q,u,i,c,k, ,e,v,e,n, ,c,r,a,z,i, ,c,r,o,w,d, ,d,o,w,n,t,o,w,n, ,j,u,r,i, ,l,a,w,y,e,r, ,c,o,u,r,t, ,s,t,a,f,f
g,r,e,a,t, ,a,t,m,o,s,p,h,e,r, ,f,r,i,e,n,d,l,i, ,f,a,s,t, ,s,e,r,v,i,c
r,e,c,e,i,v, ,p,i,t,a, ,h,u,g,e, ,l,o,t, ,m,e,a,t, ,t,h,u,m,b
f,o,o,d, ,a,r,r,i,v, ,m,e,h
p,a,y, ,h,o,t, ,d,o,g, ,f,r,i, ,l,o,o,k, ,l,i,k,e, ,c,a,m,e, ,k,i,d, ,m,e,a,l, ,w,i,e,n,e,r,s,c,h,n,i,t,z,e,l, ,i,d,e,a, ,g,o,o,d, ,m,e,a,l
c,l,a,s,s,i,c, ,m,a,i,n, ,l,o,b,s,t,e,r, ,r,o,l,l, ,f,a,n,t,a,s,t
b,r,o,t,h,e,r, ,l,a,w, ,w,o,r,k, ,m,a,l,l, ,a,t,e, ,d,a,y, ,g,u,e,s,s, ,s,i,c,k, ,n,i,g,h,t
g,o,o,d, ,g,o, ,r,e,v,i,e,w, ,p,l,a,c,e, ,t,w,i,c,e, ,h,e,r,e,a, ,t,r,i,b,u,t, ,p,l,a,c,e, ,t,r,i,b,u,t, ,e,v,e,n,t, ,h,e,l,d, ,l,a,s,t, ,n,i,g,h,t
c,h,i,p, ,s,a,l,s,a, ,r,e,a,l,l,i, ,g,o,o,d, ,s,a,l,s,a, ,f,r,e,s,h
p,l,a,c,e, ,g,r,e,a,t
m,e,d,i,o,c,r, ,f,o,o,d
g,e,t, ,i,n,s,i,d, ,i,m,p,r,e,s,s, ,p,l,a,c,e
s,u,p,e,r, ,p,i,s,s,d
s,e,r,v,i,c, ,s,u,p,e,r, ,f,r,i,e,n,d,l,i
s,a,d, ,l,i,t,t,l, ,v,e,g,e,t, ,o,v,e,r,c,o,o,k
p,l,a,c,e, ,n,i,c,e, ,s,u,r,p,r,i,s
g,o,l,d,e,n, ,c,r,i,s,p,i, ,d,e,l,i,c,i
h,i,g,h, ,h,o,p,e, ,p,l,a,c,e, ,s,i,n,c, ,b,u,r,g,e,r, ,c,o,o,k, ,c,h,a,r,c,o,a,l, ,g,r,i,l,l, ,u,n,f,o,r,t,u,n, ,t,a,s,t, ,f,e,l,l, ,f,l,a,t, ,w,a,y, ,f,l,a,t
c,o,u,l,d, ,e,a,t, ,b,r,u,s,c,h,e,t,t,a, ,d,a,y, ,d,e,v,i,n
s,i,n,g,l, ,e,m,p,l,o,y,e, ,c,a,m,e, ,s,e,e, ,o,k, ,e,v,e,n, ,n,e,e,d, ,w,a,t,e,r, ,r,e,f,i,l, ,f,i,n,a,l, ,s,e,r,v, ,u,s, ,f,o,o,d
l,a,s,t,l,i, ,m,o,z,z,a,r,e,l,l,a, ,s,t,i,c,k, ,b,e,s,t, ,t,h,i,n,g, ,o,r,d,e,r
f,i,r,s,t, ,t,i,m,e, ,e,v,e,r, ,c,a,m,e, ,a,m,a,z, ,e,x,p,e,r,i, ,s,t,i,l,l, ,t,e,l,l, ,p,e,o,p,l, ,a,w,e,s,o,m, ,d,u,c,k
s,e,r,v,e,r, ,n,e,g,l,i,g, ,n,e,e,d, ,m,a,d,e, ,u,s, ,f,e,e,l, ,u,n,w,e,l,c,o,m, ,w,o,u,l,d, ,s,u,g,g,e,s,t, ,p,l,a,c,e
s,e,r,v,i,c, ,t,e,r,r,i,b,l, ,t,h,o,u,g,h
p,l,a,c,e, ,o,v,e,r,p,r, ,c,o,n,s,i,s,t, ,b,o,b,a, ,r,e,a,l,l,i, ,o,v,e,r,p,r
p,a,c,k
l,o,v,e, ,p,l,a,c,e
s,a,y, ,d,e,s,s,e,r,t, ,y,u,m,m,i
f,o,o,d, ,t,e,r,r,i,b,l
s,e,a,s,o,n, ,f,r,u,i,t, ,f,r,e,s,h, ,w,h,i,t,e, ,p,e,a,c,h, ,p,u,r,e
k,e,p,t, ,g,e,t, ,w,o,r,s, ,w,o,r,s, ,o,f,f,i,c,i, ,d,o,n,e
p,l,a,c,e, ,h,o,n,e,s,t,l,i, ,b,l,o,w,n
d,e,f,i,n,i,t, ,w,o,u,l,d, ,e,a,t
w,a,s,t, ,m,o,n,e,y
l,o,v,e, ,p,u,t, ,f,o,o,d, ,n,i,c,e, ,p,l,a,s,t,i,c, ,c,o,n,t,a,i,n, ,o,p,p,o,s, ,c,r,a,m, ,l,i,t,t,l, ,p,a,p,e,r, ,t,a,k,e,o,u,t, ,b,o,x
c,r, ,p,e, ,d,e,l,i,c, ,t,h,i,n, ,m,o,i,s,t
a,w, ,s,e,r,v,i,c
e,v,e,r, ,g,o
f,o,o,d, ,q,u,a,l,i,t,i, ,h,o,r,r,i,b,l
p,r,i,c,e, ,t,h,i,n,k, ,p,l,a,c,e, ,w,o,u,l,d, ,m,u,c,h, ,r,a,t,h,e,r, ,g,o,n,e
s,e,r,v,i,c, ,f,a,i,r, ,b,e,s,t
l,o,v,e, ,s,u,s,h,i, ,f,o,u,n,d, ,k,a,b,u,k,i, ,p,r,i,c,e, ,h,i,p, ,s,e,r,v,i,c
f,a,v,o,r, ,s,t,a,y, ,a,w,a,y, ,d,i,s,h
p,o,o,r, ,s,e,r,v,i,c
o,n,e, ,t,a,b,l, ,t,h,o,u,g,h,t, ,f,o,o,d, ,a,v,e,r,a,g, ,w,o,r,t,h, ,w,a,i,t
b,e,s,t, ,s,e,r,v,i,c, ,f,o,o,d, ,e,v,e,r, ,m,a,r,i,a, ,s,e,r,v,e,r, ,g,o,o,d, ,f,r,i,e,n,d,l,i, ,m,a,d,e, ,d,a,y
e,x,c,e,l
p,a,i,d, ,b,i,l,l, ,t,i,p, ,f,e,l,t, ,s,e,r,v,e,r, ,t,e,r,r,i,b,l, ,j,o,b
l,u,n,c,h, ,g,r,e,a,t, ,e,x,p,e,r,i
n,e,v,e,r, ,b,l,a,n,d, ,f,o,o,d, ,s,u,r,p,r,i,s, ,c,o,n,s,i,d, ,a,r,t,i,c,l, ,r,e,a,d, ,f,o,c,u,s, ,m,u,c,h, ,s,p,i,c,e, ,f,l,a,v,o,r
f,o,o,d, ,w,a,y, ,o,v,e,r,p,r, ,p,o,r,t,i,o,n, ,f,u,c,k, ,s,m,a,l,l
r,e,c,e,n,t, ,t,r,i, ,c,a,b,a,l,l,e,r,o, ,b,a,c,k, ,e,v,e,r,i, ,w,e,e,k, ,s,i,n,c
b,u,c,k, ,h,e,a,d, ,r,e,a,l,l,i, ,e,x,p,e,c,t, ,b,e,t,t,e,r, ,f,o,o,d
f,o,o,d, ,c,a,m,e, ,g,o,o,d, ,p,a,c,e
a,t,e, ,t,w,i,c,e, ,l,a,s,t, ,v,i,s,i,t, ,e,s,p,e,c,i, ,e,n,j,o,y, ,s,a,l,m,o,n, ,s,a,l,a,d
b,a,c,k
c,o,u,l,d, ,b,e,l,i,e,v, ,d,i,r,t,i, ,o,y,s,t,e,r
p,l,a,c,e, ,d,e,s,e,r,v, ,s,t,a,r
w,o,u,l,d, ,r,e,c,o,m,m,e,n,d, ,p,l,a,c,e
f,a,c,t, ,g,o, ,r,o,u,n,d, ,s,t,a,r, ,a,w,e,s,o,m
d,i,s,b,e,l,i,e,f, ,d,i,s,h, ,q,u,a,l,i,f,i, ,w,o,r,s,t, ,v,e,r,s,i,o,n, ,f,o,o,d, ,e,v,e,r, ,t,a,s,t
b,a,d, ,d,a,y, ,l,o,w, ,t,o,l,e,r, ,r,u,d,e, ,c,u,s,t,o,m, ,s,e,r,v,i,c, ,p,e,o,p,l, ,j,o,b, ,n,i,c,e, ,p,o,l,i,t, ,w,a,s,h, ,d,i,s,h, ,o,t,h,e,r,w,i,s
p,o,t,a,t,o, ,g,r,e,a,t, ,b,i,s,c,u,i,t
p,r,o,b,a,b,l, ,w,o,u,l,d, ,g,o
f,l,a,v,o,r, ,p,e,r,f,e,c,t, ,a,m,o,u,n,t, ,h,e,a,t
p,r,i,c,e, ,r,e,a,s,o,n, ,s,e,r,v,i,c, ,g,r,e,a,t
w,i,f,e, ,h,a,t,e, ,m,e,a,l, ,c,o,c,o,n,u,t, ,s,h,r,i,m,p, ,f,r,i,e,n,d, ,r,e,a,l,l,i, ,e,n,j,o,y, ,m,e,a,l, ,e,i,t,h,e,r
f,e,l,l,a, ,g,o,t, ,h,u,e,v,o, ,r,a,n,c,h,e,r,o, ,l,o,o,k, ,a,p,p,e,a,l
w,e,n,t, ,h,a,p,p,i, ,h,o,u,r, ,g,r,e,a,t, ,l,i,s,t, ,w,i,n,e
m,a,y, ,s,a,y, ,b,u,f,f,e,t, ,p,r,i,c,e,y, ,t,h,i,n,k, ,g,e,t, ,p,a,y, ,p,l,a,c,e, ,g,e,t, ,q,u,i,t, ,l,o,t
p,r,o,b,a,b,l, ,c,o,m,e, ,b,a,c,k
w,o,r,s,t, ,f,o,o,d, ,s,e,r,v,i,c
p,l,a,c,e, ,p,r,e,t,t,i, ,g,o,o,d, ,n,i,c,e, ,l,i,t,t,l, ,v,i,b,e, ,r,e,s,t,a,u,r
t,a,l,k, ,g,r,e,a,t, ,c,u,s,t,o,m, ,s,e,r,v,i,c, ,c,o,u,r,s, ,b,a,c,k
h,o,t, ,d,i,s,h, ,h,o,t, ,c,o,l,d, ,d,i,s,h, ,c,l,o,s,e, ,r,o,o,m, ,t,e,m,p, ,w,a,t,c,h, ,s,t,a,f,f, ,p,r,e,p,a,r, ,f,o,o,d, ,b,a,r,e, ,h,a,n,d, ,g,l,o,v,e, ,e,v,e,r,y,t,h, ,d,e,e,p, ,f,r,i, ,o,i,l
l,o,v,e, ,f,r,i, ,b,e,a,n
a,l,w,a,y, ,p,l,e,a,s,u,r, ,d,e,a,l
p,l,e,t,h,o,r,a, ,s,a,l,a,d, ,s,a,n,d,w,i,c,h, ,e,v,e,r,y,t,h, ,t,r,i, ,g,e,t, ,s,e,a,l, ,a,p,p,r,o,v
p,l,a,c,e, ,a,w,e,s,o,m, ,w,a,n,t, ,s,o,m,e,t,h, ,l,i,g,h,t, ,h,e,a,l,t,h,i, ,s,u,m,m,e,r
s,u,s,h,i, ,s,t,r,i,p, ,p,l,a,c,e, ,g,o
s,e,r,v,i,c, ,g,r,e,a,t, ,e,v,e,n, ,m,a,n,a,g, ,c,a,m,e, ,h,e,l,p, ,t,a,b,l
f,e,e,l, ,d,i,n,e, ,r,o,o,m, ,c,o,l,l,e,g, ,c,o,o,k, ,c,o,u,r,s, ,h,i,g,h, ,c,l,a,s,s, ,d,i,n,e, ,s,e,r,v,i,c, ,s,l,o,w, ,b,e,s,t
s,t,a,r,t, ,r,e,v,i,e,w, ,t,w,o, ,s,t,a,r, ,e,d,i,t, ,g,i,v,e, ,o,n,e
w,o,r,s,t, ,s,u,s,h,i, ,e,v,e,r, ,e,a,t, ,b,e,s,i,d, ,c,o,s,t,c,o
e,x,c,e,l, ,r,e,s,t,a,u,r, ,h,i,g,h,l,i,g,h,t, ,g,r,e,a,t, ,s,e,r,v,i,c, ,u,n,i,q,u, ,m,e,n,u, ,b,e,a,u,t,i, ,s,e,t
b,o,y,f,r,i,e,n,d, ,s,a,t, ,b,a,r, ,c,o,m,p,l,e,t, ,d,e,l,i,g,h,t, ,e,x,p,e,r,i
w,e,i,r,d, ,v,i,b,e, ,o,w,n,e,r
h,a,r,d,l,i, ,m,e,a,t
b,e,t,t,e,r, ,b,a,g,e,l, ,g,r,o,c,e,r,i, ,s,t,o,r,e
g,o, ,p,l,a,c,e, ,g,y,r,o
l,o,v,e, ,o,w,n,e,r, ,c,h,e,f, ,o,n,e, ,a,u,t,h,e,n,t, ,j,a,p,a,n,e,s, ,c,o,o,l, ,d,u,d,e
b,u,r,g,e,r, ,g,o,o,d, ,p,i,z,z,a, ,u,s,e, ,a,m,a,z, ,d,o,u,g,h,i, ,f,l,a,v,o,r,l,e,s,s
f,o,u,n,d, ,s,i,x, ,i,n,c,h, ,l,o,n,g, ,p,i,e,c, ,w,i,r,e, ,s,a,l,s,a
s,e,r,v,i,c, ,t,e,r,r,i,b,l, ,f,o,o,d, ,m,e,d,i,o,c,r
d,e,f,i,n, ,e,n,j,o,y
o,r,d,e,r, ,a,l,b,o,n,d,i,g,a, ,s,o,u,p, ,w,a,r,m, ,t,a,s,t, ,l,i,k,e, ,t,o,m,a,t,o, ,s,o,u,p, ,f,r,o,z,e,n, ,m,e,a,t,b,a,l
t,h,r,e,e, ,d,i,f,f,e,r, ,o,c,c,a,s, ,a,s,k, ,w,e,l,l, ,d,o,n,e, ,m,e,d,i,u,m, ,w,e,l,l, ,t,h,r,e,e, ,t,i,m,e, ,g,o,t, ,b,l,o,o,d,i,e,s,t, ,p,i,e,c, ,m,e,a,t, ,p,l,a,t,e
t,w,o, ,b,i,t,e, ,r,e,f,u,s, ,e,a,t, ,a,n,y,m,o,r
s,e,r,v,i,c, ,e,x,t,r,e,m, ,s,l,o,w
m,i,n,u,t, ,w,a,i,t, ,g,o,t, ,t,a,b,l
s,e,r,i,o,u,s, ,k,i,l,l,e,r, ,h,o,t, ,c,h,a,i, ,l,a,t,t
a,l,l,e,r,g,i, ,w,a,r,n, ,m,e,n,u, ,w,a,i,t,r,e,s,s, ,a,b,s,o,l,u,t, ,c,l,u,e, ,m,e,a,l, ,c,o,n,t,a,i,n, ,p,e,a,n,u,t
b,o,y,f,r,i,e,n,d, ,t,r,i, ,m,e,d,i,t,e,r,r,a,n,e,a,n, ,c,h,i,c,k,e,n, ,s,a,l,a,d, ,f,e,l,l, ,l,o,v,e
r,o,t,a,t, ,b,e,e,r, ,t,a,p, ,a,l,s,o, ,h,i,g,h,l,i,g,h,t, ,p,l,a,c,e
p,r,i,c,e, ,b,i,t, ,c,o,n,c,e,r,n, ,m,e,l,l,o,w, ,m,u,s,h,r,o,o,m
w,o,r,s,t, ,t,h,a,i, ,e,v,e,r
s,t,a,y, ,v,e,g,a, ,m,u,s,t, ,g,e,t, ,b,r,e,a,k,f,a,s,t, ,l,e,a,s,t
w,a,n,t, ,f,i,r,s,t, ,s,a,y, ,s,e,r,v,e,r, ,g,r,e,a,t, ,p,e,r,f,e,c,t, ,s,e,r,v,i,c
p,i,z,z,a, ,s,e,l,e,c,t, ,g,o,o,d
s,t,r,a,w,b,e,r,r,i, ,t,e,a, ,g,o,o,d
h,i,g,h,l,i, ,u,n,p,r,o,f,e,s,s,i,o,n, ,r,u,d,e, ,l,o,y,a,l, ,p,a,t,r,o,n
o,v,e,r,a,l, ,g,r,e,a,t, ,e,x,p,e,r,i
s,p,e,n,d, ,m,o,n,e,y, ,e,l,s,e,w,h,e,r
r,e,g,u,l,a,r, ,t,o,a,s,t, ,b,r,e,a,d, ,e,q,u,a,l, ,s,a,t,i,s,f,i, ,o,c,c,a,s,i,o,n, ,p,a,t, ,b,u,t,t,e,r, ,m,m,m,m
b,u,f,f,e,t, ,b,e,l,l,a,g,i,o, ,f,a,r, ,a,n,t,i,c,i,p
d,r,i,n,k, ,w,e,a,k, ,p,e,o,p,l
o,r,d,e,r, ,c,o,r,r,e,c,t
a,l,s,o, ,f,e,e,l, ,l,i,k,e, ,c,h,i,p, ,b,o,u,g,h,t, ,m,a,d,e, ,h,o,u,s
d,i,s,a,p,p,o,i,n,t, ,d,i,n,n,e,r, ,w,e,n,t, ,e,l,s,e,w,h,e,r, ,d,e,s,s,e,r,t
c,h,i,p, ,s,a,l, ,a,m,a,z
r,e,t,u,r,n
n,e,w, ,f,a,v, ,v,e,g,a, ,b,u,f,f,e,t, ,s,p,o,t
s,e,r,i,o,u,s, ,c,a,n,n,o,t, ,b,e,l,i,e,v, ,o,w,n,e,r, ,m,a,n,i, ,u,n,e,x,p,e,r,i,e,n,c, ,e,m,p,l,o,y,e, ,r,u,n, ,a,r,o,u,n,d, ,l,i,k,e, ,c,h,i,c,k,e,n, ,h,e,a,d, ,c,u,t
s,a,d
f,e,l,t, ,i,n,s,u,l,t, ,d,i,s,r,e,s,p,e,c,t, ,c,o,u,l,d, ,t,a,l,k, ,j,u,d,g, ,a,n,o,t,h, ,h,u,m,a,n, ,l,i,k,e
c,a,l,l, ,s,t,e,a,k,h,o,u,s, ,p,r,o,p,e,r,l,i, ,c,o,o,k, ,s,t,e,a,k, ,u,n,d,e,r,s,t,a,n,d
i,m,p,r,e,s,s, ,c,o,n,c,e,p,t, ,f,o,o,d
t,h,i,n,g, ,c,r,a,z,i, ,g,u,a,c,a,m,o,l, ,l,i,k,e, ,p,u,r, ,e,d
r,e,a,l,l,i, ,n,o,t,h, ,p,o,s,t,i,n,o, ,h,o,p,e, ,e,x,p,e,r,i, ,b,e,t,t,e,r
g,o,t, ,f,o,o,d, ,p,o,i,s,o,n, ,b,u,f,f,e,t
b,r,o,u,g,h,t, ,f,r,e,s,h, ,b,a,t,c,h, ,f,r,i, ,t,h,i,n,k, ,y,a,y, ,s,o,m,e,t,h, ,w,a,r,m
h,i,l,a,r,i, ,y,u,m,m,i, ,c,h,r,i,s,t,m,a, ,e,v,e, ,d,i,n,n,e,r, ,r,e,m,e,m,b, ,b,i,g,g,e,s,t, ,f,a,i,l, ,e,n,t,i,r, ,t,r,i,p, ,u,s
n,e,e,d,l,e,s,s, ,s,a,y, ,g,o, ,b,a,c,k, ,a,n,y,t,i,m, ,s,o,o,n
p,l,a,c,e, ,d,i,s,g,u,s,t
e,v,e,r,i, ,t,i,m,e, ,e,a,t, ,s,e,e, ,c,a,r,e, ,t,e,a,m,w,o,r,k, ,p,r,o,f,e,s,s,i,o,n, ,d,e,g,r,e
r,i, ,s,t,y,l,e, ,c,a,l,a,m,a,r,i, ,j,o,k,e
h,o,w,e,v, ,m,u,c,h, ,g,a,r,l,i,c, ,f,o,n,d,u, ,b,a,r,e, ,e,d,i,b,l
c,o,u,l,d, ,b,a,r,e, ,s,t,o,m,a,c,h, ,m,e,a,l, ,c,o,m,p,l,a,i,n, ,b,u,s,i, ,l,u,n,c,h
b,a,d, ,l,o,s,t, ,h,e,a,r,t, ,f,i,n,i,s,h
a,l,s,o, ,t,o,o,k, ,f,o,r,e,v, ,b,r,i,n,g, ,u,s, ,c,h,e,c,k, ,a,s,k
o,n,e, ,m,a,k,e, ,s,c,e,n,e, ,r,e,s,t,a,u,r, ,g,e,t, ,d,e,f,i,n,i,t, ,l,o,s,t, ,l,o,v,e, ,o,n,e
d,i,s,a,p,p,o,i,n,t, ,e,x,p,e,r,i
f,o,o,d, ,p,a,r, ,d,e,n,n,i, ,s,a,y, ,g,o,o,d
w,a,n,t, ,w,a,i,t, ,m,e,d,i,o,c,r, ,f,o,o,d, ,d,o,w,n,r,i,g,h,t, ,t,e,r,r,i,b,l, ,s,e,r,v,i,c, ,p,l,a,c,e
w,a,a,a,a,a,a,y,y,y,y,y,y,y,y,y,i, ,r,a,t,e, ,s,a,y
g,o, ,b,a,c,k
p,l,a,c,e, ,f,a,i,r,l,i, ,c,l,e,a,n, ,f,o,o,d, ,s,i,m,p,l,i, ,w,o,r,t,h
p,l,a,c,e, ,l,a,c,k, ,s,t,y,l,e
s,a,n,g,r,i,a, ,h,a,l,f, ,g,l,a,s,s, ,w,i,n,e, ,f,u,l,l, ,r,i,d,i,c,u,l
b,o,t,h,e,r, ,c,o,m,e
m,e,a,t, ,p,r,e,t,t,i, ,d,r,i, ,s,l,i,c,e, ,b,r,i,s,k,e,t, ,p,u,l,l, ,p,o,r,k
b,u,i,l,d, ,s,e,e,m, ,p,r,e,t,t,i, ,n,e,a,t, ,b,a,t,h,r,o,o,m, ,p,r,e,t,t,i, ,t,r,i,p,p,i, ,e,a,t
e,q,u,a,l, ,a,w
p,r,o,b,a,b,l, ,h,u,r,r,i, ,g,o, ,b,a,c,k
s,l,o,w, ,s,e,a,t, ,e,v,e,n, ,r,e,s,e,r,v
g,o,o,d, ,s,t,r,e,t,c,h, ,i,m,a,g,i,n
c,a,s,h,e,w, ,c,r,e,a,m, ,s,a,u,c, ,b,l,a,n,d, ,v,e,g,e,t, ,u,n,d,e,r,c,o,o,k
c,h,i,p,o,l,t, ,r,a,n,c,h, ,d,i,p, ,s,a,u,s, ,t,a,s,t,e,l,e,s,s, ,s,e,e,m, ,t,h,i,n, ,w,a,t,e,r, ,h,e,a,t
b,i,t, ,s,w,e,e,t, ,r,e,a,l,l,i, ,s,p,i,c,i, ,e,n,o,u,g,h, ,l,a,c,k, ,f,l,a,v,o,r
d,i,s,a,p,p,o,i,n,t
p,l,a,c,e, ,h,o,r,r,i,b,l, ,w,a,y, ,o,v,e,r,p,r
m,a,y,b, ,v,e,g,e,t,a,r,i,a,n, ,f,a,r,e, ,t,w,i,c,e, ,t,h,o,u,g,h,t, ,a,v,e,r,a,g, ,b,e,s,t
b,u,s,i, ,k,n,o,w
t,a,b,l, ,o,u,t,s,i,d, ,a,l,s,o, ,d,i,r,t,i, ,l,o,t, ,t,i,m,e, ,w,o,r,k,e,r, ,a,l,w,a,y, ,f,r,i,e,n,d,l,i, ,h,e,l,p, ,m,e,n,u
a,m,b,i,a,n,c, ,f,e,e,l, ,l,i,k,e, ,b,u,f,f,e,t, ,s,e,t, ,d,o,u,c,h,e,y, ,i,n,d,o,o,r, ,g,a,r,d,e,n, ,t,e,a, ,b,i,s,c,u,i,t
c,o,n, ,s,p,o,t,t,i, ,s,e,r,v,i,c
f,r,i, ,h,o,t, ,n,e,i,t,h,e,r, ,b,u,r,g,e,r
c,a,m,e, ,b,a,c,k, ,c,o,l,d
f,o,o,d, ,c,a,m,e, ,d,i,s,a,p,p,o,i,n,t, ,e,n,s,u
r,e,a,l, ,d,i,s,a,p,p,o,i,n,t, ,w,a,i,t,e,r
h,u,s,b,a,n,d, ,s,a,i,d, ,r,u,d,e, ,e,v,e,n, ,a,p,o,l,o,g, ,b,a,d, ,f,o,o,d, ,a,n,y,t,h
r,e,a,s,o,n, ,e,a,t, ,w,o,u,l,d, ,f,i,l,l, ,n,i,g,h,t, ,b,i,n,g, ,d,r,i,n,k, ,g,e,t, ,c,a,r,b, ,s,t,o,m,a,c,h
i,n,s,u,l,t, ,p,r,o,f,o,u,n,d, ,d,e,u,c,h,e,b,a,g,g,e,r,i, ,g,o, ,o,u,t,s,i,d, ,s,m,o,k,e, ,b,r,e,a,k, ,s,e,r,v, ,s,o,l,i,d,i,f,i
s,o,m,e,o,n, ,o,r,d,e,r, ,t,w,o, ,t,a,c,o, ,t,h,i,n,k, ,m,a,y, ,p,a,r,t, ,c,u,s,t,o,m, ,s,e,r,v,i,c, ,a,s,k, ,c,o,m,b,o, ,a,l,a, ,c,a,r,t
q,u,i,t, ,d,i,s,a,p,p,o,i,n,t, ,a,l,t,h,o,u,g,h, ,b,l,a,m,e, ,n,e,e,d, ,p,l,a,c,e, ,d,o,o,r
r,a,v,e, ,r,e,v,i,e,w, ,w,a,i,t, ,e,a,t, ,d,i,s,a,p,p,o,i,n,t
d,e,l, ,t,a,c,o, ,p,r,e,t,t,i, ,n,a,s,t,i, ,a,v,o,i,d, ,p,o,s,s,i,b,l
h,a,r,d, ,m,a,k,e, ,d,e,c,e,n,t, ,h,a,m,b,u,r,g
l,i,k,e
h,e,l,l, ,g,o, ,b,a,c,k
g,o,t,t,e,n, ,m,u,c,h, ,b,e,t,t,e,r, ,s,e,r,v,i,c, ,p,i,z,z,a, ,p,l,a,c,e, ,n,e,x,t, ,d,o,o,r, ,s,e,r,v,i,c, ,r,e,c,e,i,v, ,r,e,s,t,a,u,r
k,n,o,w, ,b,i,g, ,d,e,a,l, ,p,l,a,c,e, ,b,a,c,k, ,y,a
i,m,m,e,d,i, ,s,a,i,d, ,w,a,n,t, ,t,a,l,k, ,m,a,n,a,g, ,w,a,n,t, ,t,a,l,k, ,g,u,y, ,s,h,o,t, ,f,i,r,e,b,a,l, ,b,e,h,i,n,d, ,b,a,r
a,m,b,i,a,n,c, ,m,u,c,h, ,b,e,t,t,e,r
u,n,f,o,r,t,u,n, ,s,e,t, ,u,s, ,d,i,s,a,p,p,p,o,i,n,t, ,e,n,t,r,e
f,o,o,d, ,g,o,o,d
s,e,r,v,e,r, ,s,u,c,k, ,w,a,i,t, ,c,o,r,r,e,c,t, ,s,e,r,v,e,r, ,h,e,i,m,e,r, ,s,u,c,k
h,a,p,p,e,n, ,n,e,x,t, ,p,r,e,t,t,i, ,p,u,t
b,a,d, ,c,a,u,s, ,k,n,o,w, ,f,a,m,i,l,i, ,o,w,n, ,r,e,a,l,l,i, ,w,a,n,t, ,l,i,k,e, ,p,l,a,c,e
o,v,e,r,p,r, ,g,e,t
v,o,m,i,t, ,b,a,t,h,r,o,o,m, ,m,i,d, ,l,u,n,c,h
k,e,p,t, ,l,o,o,k, ,t,i,m,e, ,s,o,o,n, ,b,e,c,o,m, ,m,i,n,u,t, ,y,e,t, ,s,t,i,l,l, ,f,o,o,d
p,l,a,c,e, ,e,a,t, ,c,i,r,c,u,m,s,t, ,w,o,u,l,d, ,e,v,e,r, ,r,e,t,u,r,n, ,t,o,p, ,l,i,s,t
s,t,a,r,t, ,t,u,n,a, ,s,a,s,h,i,m,i, ,b,r,o,w,n,i,s,h, ,c,o,l,o,r, ,o,b,v,i,o,u,s, ,f,r,e,s,h
f,o,o,d, ,a,v,e,r,a,g
s,u,r,e, ,b,e,a,t, ,n,a,c,h,o, ,m,o,v,i, ,w,o,u,l,d, ,e,x,p,e,c,t, ,l,i,t,t,l, ,b,i,t, ,c,o,m,e, ,r,e,s,t,a,u,r
h,a, ,l,o,n,g, ,b,a,y, ,b,i,t, ,f,l,o,p
p,r,o,b,l,e,m, ,c,h,a,r,g, ,s,a,n,d,w,i,c,h, ,b,i,g,g,e,r, ,s,u,b,w,a,y, ,s,u,b, ,o,f,f,e,r, ,b,e,t,t,e,r, ,a,m,o,u,n,t, ,v,e,g,e,t
s,h,r,i,m,p, ,u,n,w,r,a,p, ,l,i,v,e, ,m,i,l,e, ,b,r,u,s,h,f,i,r, ,l,i,t,e,r, ,i,c,e, ,c,o,l,d
l,a,c,k, ,f,l,a,v,o,r, ,s,e,e,m, ,u,n,d,e,r,c,o,o,k, ,d,r,i
r,e,a,l,l,i, ,i,m,p,r,e,s,s, ,p,l,a,c,e, ,c,l,o,s,e
w,o,u,l,d, ,a,v,o,i,d, ,p,l,a,c,e, ,s,t,a,y, ,m,i,r,a,g
r,e,f,r,i, ,b,e,a,n, ,c,a,m,e, ,m,e,a,l, ,d,r,i, ,c,r,u,s,t,i, ,f,o,o,d, ,b,l,a,n,d
s,p,e,n,d, ,m,o,n,e,y, ,t,i,m,e, ,p,l,a,c,e, ,e,l,s
l,a,d,i, ,t,a,b,l, ,n,e,x,t, ,u,s, ,f,o,u,n,d, ,l,i,v,e, ,g,r,e,e,n, ,c,a,t,e,r,p,i,l,l,a,r, ,s,a,l,a,d
p,r,e,s,e,n,t, ,f,o,o,d, ,a,w
t,e,l,l, ,d,i,s,a,p,p,o,i,n,t
t,h,i,n,k, ,f,o,o,d, ,f,l,a,v,o,r, ,t,e,x,t,u,r, ,l,a,c,k
a,p,p,e,t,i,t, ,i,n,s,t,a,n,t,l,i, ,g,o,n,e
o,v,e,r,a,l, ,i,m,p,r,e,s,s, ,w,o,u,l,d, ,g,o, ,b,a,c,k
w,h,o,l,e, ,e,x,p,e,r,i, ,u,n,d,e,r,w,h,e,l,m, ,t,h,i,n,k, ,g,o, ,n,i,n,j,a, ,s,u,s,h,i, ,n,e,x,t, ,t,i,m,e
w,a,s,t, ,e,n,o,u,g,h, ,l,i,f,e, ,p,o,u,r, ,s,a,l,t, ,w,o,u,n,d, ,d,r,a,w, ,t,i,m,e, ,t,o,o,k, ,b,r,i,n,g, ,c,h,e,c,k
